angaza_id,area,country,daily_price,registration_date,follow_on_paid,days_to_cutoff,expected_paid,responsible_user_angaza_id,upfront_price
AC8635862,Morogoro,Tanzania,2450,28/08/2023,120000,19,146348.09,US005427,120000
AC8678130,Morogoro,Tanzania,900,02/09/2023,21600,0,39884.78,US005427,20000
AC8691928,Morogoro,Tanzania,1500,04/09/2023,30100,0,71000.78,US005427,40000
AC8670035,Morogoro,Tanzania,1500,01/09/2023,40500,2,76067.54,US005938,40000
AC8638126,Tongareni,Kenya,20,28/08/2023,600,2,1062.46,US008494,500
AC8648307,Tongareni,Kenya,20,29/08/2023,440,0,1041.53,US008494,500
AC8648365,Tongareni,Kenya,20,29/08/2023,720,9,959.2,US008494,500
AC8665800,Tongareni,Kenya,20,01/09/2023,380,-1,989.1,US008494,500
AC8666711,Tongareni,Kenya,20,01/09/2023,480,4,986.91,US008494,500
AC8672018,Tongareni,Kenya,20,01/09/2023,490,2,980.11,US008494,500
AC8672784,Tongareni,Kenya,20,02/09/2023,495,1,982.66,US008494,500
AC8657649,Tongareni,Kenya,68,31/08/2023,1900,5,5135.32,US008496,3500
AC8677178,Tongareni,Kenya,20,02/09/2023,540,3,924.16,US008496,500
AC8681039,Tongareni,Kenya,68,03/09/2023,1975,6,4815.63,US008496,3500
AC8683848,Tongareni,Kenya,20,03/09/2023,380,-3,903.22,US008496,500
AC8688864,Tongareni,Kenya,35,04/09/2023,595,-1,1939.54,US008496,1200
AC8634783,Tongareni,Kenya,20,28/08/2023,670,4,1031.08,US009411,500
AC8644236,Tongareni,Kenya,40,29/08/2023,1180,5,2340.25,US009411,1500
AC8649371,Tongareni,Kenya,20,30/08/2023,480,0,1031.58,US009411,500
AC8654140,Tongareni,Kenya,68,30/08/2023,1970,3,5312.07,US009411,3500
AC8659031,Tongareni,Kenya,20,31/08/2023,520,0,985.25,US009411,500
AC8670516,Tongareni,Kenya,40,01/09/2023,1000,1,2021.22,US009411,1500
AC8685229,Tongareni,Kenya,68,04/09/2023,60,-22,4992.99,US009411,3500
AC8693229,Tongareni,Kenya,20,04/09/2023,400,-2,920.66,US009411,500
AC8650769,Tongareni,Kenya,35,30/08/2023,915,2,2116.58,US011278,1200
AC8683750,Tongareni,Kenya,20,03/09/2023,480,2,901.81,US011278,500
AC8686118,Tongareni,Kenya,20,04/09/2023,401,0,938.78,US011278,500
AC8692509,Tongareni,Kenya,20,04/09/2023,400,1,925.84,US011278,500
AC8661402,Ilorin,Nigeria,686,31/08/2023,13600,0,12655.03,US014726,1400
AC8647630,Tongareni,Kenya,20,29/08/2023,320,-1,1042.33,US016694,500
AC8650982,Tongareni,Kenya,68,30/08/2023,2000,3,5066.61,US016694,3500
AC8685382,Tongareni,Kenya,20,04/09/2023,620,9,750.8,US016694,500
AC8687820,Tongareni,Kenya,20,04/09/2023,350,2,926.35,US016694,500
AC8653747,Tongareni,Kenya,120,30/08/2023,3120,0,10639.56,US017129,7750
AC8664586,Tongareni,Kenya,20,01/09/2023,540,2,952.19,US017129,500
AC8665173,Tongareni,Kenya,35,01/09/2023,1145,7,1596,US017129,1200
AC8685045,Tongareni,Kenya,20,04/09/2023,600,8,607.11,US017129,500
AC8650305,Tongareni,Kenya,40,30/08/2023,1040,1,2437.04,US018486,1500
AC8657021,Tongareni,Kenya,20,31/08/2023,600,4,500,US018486,500
AC8679066,Tongareni,Kenya,20,02/09/2023,460,1,961.76,US018486,500
AC8686836,Tongareni,Kenya,20,04/09/2023,380,0,905.42,US018486,500
AC8688335,Tongareni,Kenya,20,04/09/2023,320,1,893.87,US018486,500
AC8689398,Tongareni,Kenya,20,04/09/2023,440,0,884.8,US018486,500
AC8692253,Tongareni,Kenya,20,04/09/2023,420,2,881.53,US018486,500
AC8692669,Tongareni,Kenya,20,04/09/2023,440,0,800.23,US019436,500
AC8642931,Tongareni,Kenya,20,29/08/2023,300,-2,1045.02,US022940,500
AC8658178,Tongareni,Kenya,68,31/08/2023,1950,2,3572.84,US022940,3500
AC8661941,Tongareni,Kenya,20,31/08/2023,240,0,1001.65,US022940,500
AC8662527,Tongareni,Kenya,20,31/08/2023,540,1,998.07,US022940,500
AC8662616,Tongareni,Kenya,20,31/08/2023,420,-2,979.9,US022940,500
AC8676523,Tongareni,Kenya,60,02/09/2023,1275,-1,4392.57,US022940,3000
AC8683261,Tongareni,Kenya,20,03/09/2023,400,2,941.76,US022940,500
AC8673132,Tongareni,Kenya,15,02/09/2023,355,1,750.74,US023924,400
AC8683474,Tongareni,Kenya,20,03/09/2023,470,0,940.76,US023924,500
AC8651620,Tongareni,Kenya,20,30/08/2023,660,6,1025.95,US033875,500
AC8666932,Tongareni,Kenya,20,01/09/2023,1500,50,986.61,US033875,500
AC8677886,Tongareni,Kenya,20,02/09/2023,480,0,962.56,US033875,500
AC8681275,Tongareni,Kenya,20,03/09/2023,320,0,907.74,US033875,500
AC8682331,Tongareni,Kenya,20,03/09/2023,700,12,679.02,US033875,500
AC8688299,Tongareni,Kenya,20,04/09/2023,460,1,904.22,US033875,500
AC8663050,Tongareni,Kenya,20,31/08/2023,320,1,980.29,US034964,500
AC8671831,Tongareni,Kenya,35,01/09/2023,945,2,1478.94,US034964,900
AC8681937,Tongareni,Kenya,20,03/09/2023,420,0,946.03,US034964,500
AC8677857,Tongareni,Kenya,15,02/09/2023,420,5,710.06,US035806,400
AC8646964,Tongareni,Kenya,15,29/08/2023,445,1,759.98,US036649,400
AC8674057,Tongareni,Kenya,20,02/09/2023,240,1,976,US036649,500
AC8674110,Tongareni,Kenya,68,02/09/2023,1635,2,4986.08,US036649,3500
AC8685478,Tongareni,Kenya,20,04/09/2023,220,0,927.48,US036649,500
AC8645406,Tongareni,Kenya,40,29/08/2023,960,5,2526.59,US037466,1500
AC8650947,Morogoro,Tanzania,1400,30/08/2023,40000,4,99018.78,US037823,65000
AC8651155,Morogoro,Tanzania,1400,30/08/2023,39200,4,98695.37,US037823,65000
AC8676976,Morogoro,Tanzania,1400,02/09/2023,20000,-8,98181.5,US037823,65000
AC8681058,Morogoro,Tanzania,1400,03/09/2023,39200,5,95019.91,US037823,65000
AC8681435,Morogoro,Tanzania,1400,03/09/2023,39200,6,94377.8,US037823,65000
AC8684210,Morogoro,Tanzania,1400,03/09/2023,48400,5,93199.23,US037823,65000
AC8684305,Morogoro,Tanzania,1400,03/09/2023,29400,0,87185.71,US037823,65000
AC8676403,Morogoro,Tanzania,2450,02/09/2023,49300,-1,177023.64,US038024,120000
AC8683919,Morogoro,Tanzania,900,03/09/2023,9000,-2,38985.39,US038024,20000
AC8686660,Morogoro,Tanzania,1500,04/09/2023,16500,-2,70398.08,US038024,40000
AC8643317,Kawangware,Kenya,68,29/08/2023,2005,4,5221.91,US038542,3500
AC8653640,Kawangware,Kenya,35,30/08/2023,700,11,1968.16,US038542,1200
AC8637980,Kawangware,Kenya,20,28/08/2023,320,-3,1023.24,US039035,500
AC8640467,Kawangware,Kenya,20,28/08/2023,700,6,983.16,US039035,500
AC8637886,Tongareni,Kenya,68,28/08/2023,950,-16,5403.4,US039767,3500
AC8653211,Tongareni,Kenya,35,30/08/2023,3497,72,2112.89,US039767,1200
AC8661565,Tongareni,Kenya,20,31/08/2023,300,-1,1002.81,US039767,500
AC8692137,Tongareni,Kenya,68,04/09/2023,1925,6,4923.06,US039767,3500
AC8655190,Ilorin,Nigeria,179,30/08/2023,4500,2,5500,US040808,5500
AC8666340,Ilorin,Nigeria,336,01/09/2023,7700,2,20584.96,US040808,15500
AC8676253,Ilorin,Nigeria,171,02/09/2023,4800,11,10935.17,US040808,8000
AC8689038,Ilorin,Nigeria,179,04/09/2023,5750,14,7462.93,US040808,5500
AC8639788,Tongareni,Kenya,20,28/08/2023,140,-1,1055.88,US041371,500
AC8661544,Tongareni,Kenya,20,31/08/2023,530,2,1002.11,US041371,500
AC8681493,Tongareni,Kenya,20,03/09/2023,480,4,947.15,US041371,500
AC8688571,Tongareni,Kenya,25,04/09/2023,225,1,1429.16,US041371,900
AC8670241,Tongareni,Kenya,35,01/09/2023,1400,15,1551.75,US041680,1200
AC8683139,Tongareni,Kenya,20,03/09/2023,492,1,941.39,US041680,500
AC8680986,Morogoro,Tanzania,900,03/09/2023,19000,-2,40745.07,US042923,20000
AC8681174,Morogoro,Tanzania,1500,03/09/2023,39000,3,40000,US042923,40000
AC8691416,Morogoro,Tanzania,1500,04/09/2023,25500,-1,71501.48,US042923,40000
AC8662643,Abeokuta,Nigeria,1536,31/08/2023,0,12,23900,US043827,23900
AC8650413,Kawangware,Kenya,20,30/08/2023,500,1,958.08,US044099,500
AC8638807,Morogoro,Tanzania,500,28/08/2023,13900,2,25547.73,US044260,12000
AC8654554,Ilorin,Nigeria,179,30/08/2023,5000,5,5500,US044812,5500
AC8660350,Ilorin,Nigeria,171,31/08/2023,4000,1,8000,US044812,8000
AC8669621,Ilorin,Nigeria,171,01/09/2023,4000,2,8000,US044812,8000
AC8686557,Ilorin,Nigeria,179,04/09/2023,10000,38,6924.37,US044812,5500
AC8688041,Ilorin,Nigeria,179,04/09/2023,10000,38,6912.51,US044812,5500
AC8692454,Ilorin,Nigeria,179,04/09/2023,4500,7,5500,US044812,5500
AC8653824,Morogoro,Tanzania,900,30/08/2023,359100,,41767.9,US045481,20000
AC8658942,Morogoro,Tanzania,2700,31/08/2023,69900,0,227964.18,US045481,160000
AC8635614,Tongareni,Kenya,20,28/08/2023,540,2,1066.69,US046584,500
AC8673023,Tongareni,Kenya,20,02/09/2023,500,1,910.6,US046584,500
AC8652309,Sumbawanga,Tanzania,900,30/08/2023,25200,4,41440.41,US048770,20000
AC8659973,Sumbawanga,Tanzania,900,31/08/2023,25200,2,38690.89,US048770,20000
AC8642924,Tongareni,Kenya,20,29/08/2023,460,1,1036.65,US049631,500
AC8666463,Kawangware,Kenya,100,01/09/2023,2300,0,9193.95,US050200,6750
AC8651020,Tongareni,Kenya,20,30/08/2023,600,3,1029.13,US050935,500
AC8656652,Tongareni,Kenya,20,31/08/2023,1050,26,1003.23,US050935,500
AC8668589,Tongareni,Kenya,20,01/09/2023,410,1,981.68,US050935,500
AC8675209,Tongareni,Kenya,20,02/09/2023,360,2,964.73,US050935,500
AC8669705,Ilorin,Nigeria,179,01/09/2023,4000,1,6971.4,US051256,5500
AC8669752,Ilorin,Nigeria,214,01/09/2023,6000,7,8000,US051256,8000
AC8680475,Tongareni,Kenya,20,03/09/2023,530,3,869.88,US051868,500
AC8645453,Kawangware,Kenya,20,29/08/2023,600,2,1024.09,US053815,500
AC8650682,Kawangware,Kenya,68,30/08/2023,1900,0,4803.91,US053815,3500
AC8673104,Kawangware,Kenya,68,02/09/2023,1925,4,4929.8,US053815,3500
AC8689972,Kawangware,Kenya,20,04/09/2023,380,-3,924.18,US053815,500
AC8691302,Kawangware,Kenya,68,04/09/2023,2600,16,4220.83,US053815,3500
AC8637478,Tongareni,Kenya,20,28/08/2023,480,0,1043.87,US054337,500
AC8665506,Tongareni,Kenya,20,01/09/2023,420,-1,998.92,US054337,500
AC8676992,Tongareni,Kenya,20,02/09/2023,480,2,882.64,US054337,500
AC8640917,Tongareni,Kenya,20,28/08/2023,560,4,899.81,US056135,500
AC8671476,Tongareni,Kenya,20,01/09/2023,480,0,980.99,US056135,500
AC8691046,Tongareni,Kenya,20,04/09/2023,470,1,906.47,US056135,500
AC8667923,Ilorin,Nigeria,336,01/09/2023,9200,6,19917.98,US056272,15500
AC8667942,Ilorin,Nigeria,179,01/09/2023,4500,4,5500,US056272,5500
AC8667961,Ilorin,Nigeria,179,01/09/2023,4500,4,5500,US056272,5500
AC8668028,Ilorin,Nigeria,771,01/09/2023,21500,14,36869.35,US056272,30000
AC8678817,Ilorin,Nigeria,179,02/09/2023,4500,5,5500,US056272,5500
AC8681232,Ilorin,Nigeria,179,03/09/2023,4500,6,5500,US056272,5500
AC8640245,Tongareni,Kenya,20,28/08/2023,520,-2,1064.12,US056321,500
AC8666717,Tongareni,Kenya,20,01/09/2023,430,0,988.41,US056321,500
AC8677687,Tongareni,Kenya,20,02/09/2023,500,1,941.85,US056321,500
AC8688452,Tongareni,Kenya,20,04/09/2023,420,0,935.43,US056321,500
AC8690358,Tongareni,Kenya,20,04/09/2023,320,0,923.77,US056321,500
AC8644004,Tongareni,Kenya,20,29/08/2023,570,0,924.81,US056413,500
AC8667678,Tongareni,Kenya,40,01/09/2023,1170,5,1886.19,US056413,900
AC8653489,Tongareni,Kenya,15,30/08/2023,390,2,731,US056542,400
AC8637433,Morogoro,Tanzania,900,28/08/2023,24000,0,44535.96,US056690,20000
AC8639678,Morogoro,Tanzania,1500,28/08/2023,43500,3,76072.82,US056690,40000
AC8644749,Morogoro,Tanzania,900,29/08/2023,21000,0,43371.2,US056690,20000
AC8657813,Morogoro,Tanzania,900,31/08/2023,36300,14,26558.34,US056690,20000
AC8658010,Morogoro,Tanzania,1500,31/08/2023,28400,-1,78090.79,US056690,40000
AC8668166,Morogoro,Tanzania,900,01/09/2023,9000,9,41358.58,US056690,20000
AC8671482,Morogoro,Tanzania,2450,01/09/2023,53950,0,179591,US056690,120000
AC8677386,Morogoro,Tanzania,900,02/09/2023,20200,5,40865.01,US056690,20000
AC8640096,Morogoro,Tanzania,600,28/08/2023,16300,1,33341.93,US058887,16500
AC8650272,Morogoro,Tanzania,1400,30/08/2023,39200,1,94023.87,US058887,65000
AC8653729,Morogoro,Tanzania,900,30/08/2023,18900,0,43346.88,US058887,20000
AC8669905,Morogoro,Tanzania,1500,01/09/2023,16000,-3,73156.92,US058887,40000
AC8638168,Kawangware,Kenya,40,28/08/2023,1160,1,2623.92,US060503,1500
AC8651266,Kawangware,Kenya,60,30/08/2023,1300,6,4001,US060503,3000
AC8656418,Kawangware,Kenya,20,31/08/2023,600,4,500,US060503,500
AC8664484,Kawangware,Kenya,50,01/09/2023,1050,4,2736.16,US060503,1600
AC8637690,Morogoro,Tanzania,900,28/08/2023,26000,8,20892.15,US062428,20000
AC8654308,Morogoro,Tanzania,1500,30/08/2023,24000,-1,80112.44,US062428,40000
AC8664473,Morogoro,Tanzania,1500,01/09/2023,28600,0,77117.69,US062428,40000
AC8635106,Tongareni,Kenya,20,28/08/2023,500,0,1069.81,US063002,500
AC8635928,Tongareni,Kenya,15,28/08/2023,715,18,660.29,US063002,400
AC8636334,Tongareni,Kenya,20,28/08/2023,690,5,1045.44,US063002,500
AC8638697,Tongareni,Kenya,20,28/08/2023,600,2,1021.81,US063002,500
AC8648182,Tongareni,Kenya,20,29/08/2023,290,0,1052.18,US063002,500
AC8671897,Tongareni,Kenya,20,01/09/2023,560,3,959.37,US063002,500
AC8673263,Tongareni,Kenya,35,02/09/2023,733,0,2034.96,US063002,1200
AC8679425,Tongareni,Kenya,20,02/09/2023,460,0,941.27,US063002,500
AC8680809,Tongareni,Kenya,20,03/09/2023,540,5,924.98,US063002,500
AC8693531,Tongareni,Kenya,20,04/09/2023,440,2,911.55,US063002,500
AC8639180,Ilorin,Nigeria,179,28/08/2023,4500,0,8765.66,US063207,5500
AC8647616,Ilorin,Nigeria,179,29/08/2023,7500,18,9076.3,US063207,5500
AC8650373,Ilorin,Nigeria,429,30/08/2023,12000,5,24894.93,US063207,18000
AC8656258,Ilorin,Nigeria,214,30/08/2023,5000,1,11506.86,US063207,8000
AC8661144,Ilorin,Nigeria,179,31/08/2023,5250,8,7975.71,US063207,5500
AC8682796,Ilorin,Nigeria,179,03/09/2023,3750,2,8034.73,US063207,5500
AC8683124,Ilorin,Nigeria,179,03/09/2023,2750,0,7650.83,US063207,5500
AC8690843,Ilorin,Nigeria,214,04/09/2023,4500,4,11157.3,US063207,8000
AC8690985,Ilorin,Nigeria,179,04/09/2023,2600,6,8556.58,US063207,5500
AC8679282,Tongareni,Kenya,20,02/09/2023,361,1,957.45,US063242,500
AC8679308,Tongareni,Kenya,20,02/09/2023,382,0,920.71,US063242,500
AC8679328,Tongareni,Kenya,20,02/09/2023,525,3,918.25,US063242,500
AC8681690,Tongareni,Kenya,20,03/09/2023,480,1,904.39,US063242,500
AC8659839,Tongareni,Kenya,20,31/08/2023,540,1,1003.34,US063473,500
AC8674100,Tongareni,Kenya,40,02/09/2023,1040,2,2435.83,US063473,1500
AC8676020,Tongareni,Kenya,20,02/09/2023,530,2,965.49,US063473,500
AC8636614,Tongareni,Kenya,35,28/08/2023,870,1,2121.65,US063983,1200
AC8644380,Tongareni,Kenya,20,29/08/2023,610,3,1054.04,US063983,500
AC8683716,Tongareni,Kenya,20,03/09/2023,440,2,815.21,US063983,500
AC8647715,Morogoro,Tanzania,1400,29/08/2023,39600,3,97990.07,US065808,65000
AC8637527,Morogoro,Tanzania,500,28/08/2023,13000,3,24898.39,US066406,12000
AC8640010,Morogoro,Tanzania,1500,28/08/2023,42000,2,74496.52,US066406,40000
AC8645760,Morogoro,Tanzania,600,29/08/2023,15600,0,32801.63,US066406,16500
AC8668586,Tongareni,Kenya,20,01/09/2023,670,8,961.26,US066558,500
AC8672579,Tongareni,Kenya,20,01/09/2023,500,1,917.34,US067181,500
AC8638627,Kawangware,Kenya,120,28/08/2023,5400,16,11019.77,US067418,7750
AC8672951,Kawangware,Kenya,20,02/09/2023,440,0,884.54,US067418,500
AC8687810,Kawangware,Kenya,20,04/09/2023,400,1,864.68,US067418,500
AC8690091,Kawangware,Kenya,20,04/09/2023,360,0,935.4,US067418,500
AC8637327,Tongareni,Kenya,68,28/08/2023,3500,22,5424.29,US068212,3500
AC8639746,Tongareni,Kenya,68,28/08/2023,2875,13,4990.47,US068212,3500
AC8656835,Tongareni,Kenya,68,31/08/2023,1130,-3,5217.86,US068212,3500
AC8657747,Tongareni,Kenya,20,31/08/2023,260,0,1008.85,US068212,500
AC8657829,Tongareni,Kenya,20,31/08/2023,580,3,1006.03,US068212,500
AC8667275,Tongareni,Kenya,20,01/09/2023,580,4,783.3,US068212,500
AC8682065,Tongareni,Kenya,100,03/09/2023,1700,0,8975.04,US068212,6750
AC8664421,Abeokuta,Nigeria,429,01/09/2023,12000,7,26431.82,US068831,18000
AC8675538,Abeokuta,Nigeria,171,02/09/2023,3600,2,11120.89,US068831,8000
AC8668806,Tongareni,Kenya,20,01/09/2023,550,2,942.34,US068965,500
AC8638445,Tongareni,Kenya,20,28/08/2023,550,0,1061.66,US069462,500
AC8647840,Ilorin,Nigeria,171,29/08/2023,7000,17,8000,US069715,8000
AC8664816,Ilorin,Nigeria,179,01/09/2023,4500,4,5500,US069715,5500
AC8664821,Ilorin,Nigeria,179,01/09/2023,10000,35,9101.85,US069715,5500
AC8649822,Ilorin,Nigeria,771,30/08/2023,30000,23,30000,US069987,30000
AC8650115,Ilorin,Nigeria,179,30/08/2023,5000,5,9278.31,US069987,5500
AC8664623,Ilorin,Nigeria,429,01/09/2023,13000,9,18182.39,US069987,18000
AC8679381,Ilorin,Nigeria,179,02/09/2023,3750,1,8022.99,US069987,5500
AC8635924,Kawangware,Kenya,20,28/08/2023,580,1,864.18,US070180,500
AC8654435,Kawangware,Kenya,20,30/08/2023,620,6,914.14,US070180,500
AC8641676,Tongareni,Kenya,20,28/08/2023,340,0,1059.2,US070234,500
AC8690548,Tongareni,Kenya,120,04/09/2023,3400,6,8841.25,US070234,7750
AC8637363,Abeokuta,Nigeria,771,28/08/2023,20000,8,43161.28,US071073,30000
AC8636007,Sumbawanga,Tanzania,2700,28/08/2023,60000,-5,225695.35,US071312,160000
AC8639399,Sumbawanga,Tanzania,2450,28/08/2023,69400,2,178957.44,US071312,120000
AC8645184,Sumbawanga,Tanzania,900,29/08/2023,25200,3,41849.21,US071312,20000
AC8683434,Sumbawanga,Tanzania,2700,03/09/2023,64800,2,219465.36,US071312,160000
AC8676352,Abeokuta,Nigeria,771,02/09/2023,15400,7,38161.63,US073638,30000
AC8650326,Tongareni,Kenya,20,30/08/2023,525,0,1025.85,US074534,500
AC8652489,Tongareni,Kenya,20,30/08/2023,320,-1,1024.8,US074534,500
AC8657179,Tongareni,Kenya,68,31/08/2023,500,-19,4005.58,US074534,3500
AC8640072,Tongareni,Kenya,20,28/08/2023,640,3,1061.83,US075607,500
AC8642014,Tongareni,Kenya,20,29/08/2023,600,2,990.73,US075607,500
AC8643025,Tongareni,Kenya,20,29/08/2023,693,6,1026.32,US075607,500
AC8645355,Tongareni,Kenya,20,29/08/2023,370,1,1044.9,US075607,500
AC8646283,Tongareni,Kenya,20,29/08/2023,1000,22,841.19,US075607,500
AC8665287,Tongareni,Kenya,20,01/09/2023,740,12,986.03,US075607,500
AC8666764,Tongareni,Kenya,20,01/09/2023,485,1,986.83,US075607,500
AC8669889,Tongareni,Kenya,20,01/09/2023,410,-1,984.48,US075607,500
AC8669951,Tongareni,Kenya,110,01/09/2023,2750,0,4315.38,US075607,2750
AC8674325,Tongareni,Kenya,20,02/09/2023,450,-1,966.87,US075607,500
AC8679468,Tongareni,Kenya,20,02/09/2023,365,0,961.22,US075607,500
AC8682406,Tongareni,Kenya,40,03/09/2023,500,-11,2380.18,US075607,1500
AC8687763,Tongareni,Kenya,20,04/09/2023,282,-1,925.63,US075607,500
AC8673347,Tongareni,Kenya,20,02/09/2023,276,-4,907.96,US075857,500
AC8685836,Tongareni,Kenya,68,04/09/2023,1445,1,4452.01,US075857,3500
AC8636608,Sumbawanga,Tanzania,600,28/08/2023,25200,18,28062.42,US076214,16500
AC8641158,Sumbawanga,Tanzania,900,28/08/2023,25200,4,43375.29,US076214,20000
AC8655262,Ilorin,Nigeria,179,30/08/2023,3750,3,8893.11,US076288,5500
AC8657181,Ilorin,Nigeria,179,31/08/2023,7500,21,7884.54,US076288,5500
AC8692156,Ilorin,Nigeria,179,04/09/2023,3750,3,7632.13,US076288,5500
AC8642850,Tongareni,Kenya,20,29/08/2023,145,-6,947.68,US077003,500
AC8670562,Tongareni,Kenya,20,01/09/2023,460,0,981.15,US077003,500
AC8680991,Tongareni,Kenya,20,03/09/2023,521,3,879.22,US077003,500
AC8656749,Morogoro,Tanzania,1550,31/08/2023,34800,-2,105389.4,US077013,65000
AC8634900,Tongareni,Kenya,20,28/08/2023,480,1,1069.15,US078092,500
AC8642270,Tongareni,Kenya,35,29/08/2023,725,0,2159.91,US078156,1200
AC8651634,Morogoro,Tanzania,500,30/08/2023,6800,3,25420.24,US078468,12000
AC8642482,Tongareni,Kenya,120,29/08/2023,3240,2,10547.45,US078581,7750
AC8646724,Tongareni,Kenya,68,29/08/2023,2375,6,5182.9,US078581,3500
AC8647847,Tongareni,Kenya,20,29/08/2023,460,-1,1042.05,US078581,500
AC8644713,Abeokuta,Nigeria,171,29/08/2023,9000,29,9365.74,US079042,8000
AC8675690,Abeokuta,Nigeria,179,02/09/2023,9500,33,5500,US079042,5500
AC8653667,Ilorin,Nigeria,429,30/08/2023,10000,2,25779.08,US079373,18000
AC8654064,Ilorin,Nigeria,179,30/08/2023,4500,2,5500,US079373,5500
AC8667122,Ilorin,Nigeria,179,01/09/2023,5000,7,5500,US079373,5500
AC8671065,Ilorin,Nigeria,179,01/09/2023,3750,0,8015.67,US079373,5500
AC8678054,Ilorin,Nigeria,336,02/09/2023,7350,2,17556,US079373,15500
AC8663970,Kawangware,Kenya,20,31/08/2023,2303,91,836.77,US079445,500
AC8667508,Kawangware,Kenya,50,01/09/2023,1500,5,2768.41,US079445,1600
AC8670461,Kawangware,Kenya,50,01/09/2023,1080,2,2781.66,US079445,1600
AC8672315,Kawangware,Kenya,20,01/09/2023,480,2,819.55,US079445,500
AC8675938,Kawangware,Kenya,20,02/09/2023,380,-1,961.97,US079445,500
AC8684407,Kawangware,Kenya,20,03/09/2023,460,4,918.47,US079445,500
AC8692464,Kawangware,Kenya,20,04/09/2023,300,-3,880.5,US079445,500
AC8686877,Abeokuta,Nigeria,179,04/09/2023,4500,7,5500,US079450,5500
AC8650787,Tongareni,Kenya,35,30/08/2023,1015,2,2086.57,US080182,1200
AC8665754,Tongareni,Kenya,15,01/09/2023,475,6,762.6,US080182,400
AC8648327,Abeokuta,Nigeria,214,29/08/2023,7000,9,8646.7,US080954,8000
AC8688821,Abeokuta,Nigeria,179,04/09/2023,4500,7,5500,US080954,5500
AC8657580,Abeokuta,Nigeria,171,31/08/2023,7000,19,8267.74,US080960,8000
AC8677152,Abeokuta,Nigeria,179,02/09/2023,4500,5,5500,US080960,5500
AC8675323,Morogoro,Tanzania,2700,02/09/2023,49000,0,195625.09,US080986,160000
AC8676894,Morogoro,Tanzania,900,02/09/2023,23400,2,40431.18,US080986,20000
AC8668257,Abeokuta,Nigeria,771,01/09/2023,21600,14,30000,US081274,30000
AC8684721,Ilorin,Nigeria,179,03/09/2023,3750,2,7977.32,US081874,5500
AC8646313,Abeokuta,Nigeria,179,29/08/2023,4500,1,5500,US081964,5500
AC8692039,Ilorin,Nigeria,771,04/09/2023,45000,48,30000,US082026,30000
AC8664003,Ilorin,Nigeria,179,31/08/2023,4500,4,5500,US082080,5500
AC8653682,Tongareni,Kenya,20,30/08/2023,560,1,1003.34,US082170,500
AC8657464,Tongareni,Kenya,35,31/08/2023,920,0,1978.59,US082170,1200
AC8670560,Tongareni,Kenya,68,01/09/2023,2100,8,4623.87,US082170,3500
AC8656111,Ilorin,Nigeria,179,30/08/2023,5000,5,5500,US082222,5500
AC8645989,Abeokuta,Nigeria,179,29/08/2023,6250,11,8401.1,US083009,5500
AC8652120,Abeokuta,Nigeria,771,30/08/2023,11400,3,39389.78,US083467,30000
AC8661546,Abeokuta,Nigeria,171,31/08/2023,7000,19,8000,US083467,8000
AC8662814,Abeokuta,Nigeria,171,31/08/2023,2400,-3,11709.07,US083467,8000
AC8690393,Abeokuta,Nigeria,771,04/09/2023,15000,9,30000,US083467,30000
AC8692562,Abeokuta,Nigeria,771,04/09/2023,12000,5,36039.69,US083467,30000
AC8654173,Abeokuta,Nigeria,179,30/08/2023,4500,2,5500,US083472,5500
AC8641385,Kawangware,Kenya,50,28/08/2023,1200,0,2942.51,US083717,1600
AC8643950,Kawangware,Kenya,68,29/08/2023,1950,0,4873.72,US083717,3500
AC8664960,Kawangware,Kenya,40,01/09/2023,440,-5,2362.44,US083717,1500
AC8685712,Kawangware,Kenya,40,04/09/2023,1000,4,2100.14,US083717,1500
AC8655197,Ilorin,Nigeria,214,30/08/2023,11000,29,11423.45,US084416,8000
AC8655206,Ilorin,Nigeria,179,30/08/2023,3800,3,8902.57,US084416,5500
AC8664762,Ilorin,Nigeria,214,01/09/2023,6000,7,11988.18,US084416,8000
AC8664763,Ilorin,Nigeria,179,01/09/2023,4650,5,8592,US084416,5500
AC8665695,Ilorin,Nigeria,336,01/09/2023,14500,22,19677.33,US084416,15500
AC8665020,Ilorin,Nigeria,771,01/09/2023,15500,6,40049.92,US084845,30000
AC8665692,Ilorin,Nigeria,429,01/09/2023,12000,7,25550.09,US084845,18000
AC8665770,Ilorin,Nigeria,179,01/09/2023,5000,7,5500,US084845,5500
AC8689194,Ilorin,Nigeria,179,04/09/2023,3750,3,7783.21,US084845,5500
AC8648181,Abeokuta,Nigeria,171,29/08/2023,7000,17,8000,US084850,8000
AC8676279,Abeokuta,Nigeria,179,02/09/2023,7000,19,5500,US084850,5500
AC8673985,Abeokuta,Nigeria,179,02/09/2023,5000,8,8515.71,US085044,5500
AC8637990,Tongareni,Kenya,20,28/08/2023,541,0,1044.88,US085138,500
AC8647982,Tongareni,Kenya,20,29/08/2023,600,2,1001.16,US085138,500
AC8688069,Tongareni,Kenya,20,04/09/2023,360,1,913.73,US085138,500
AC8641280,Abeokuta,Nigeria,429,28/08/2023,22000,32,26172,US085255,18000
AC8649292,Ilorin,Nigeria,429,29/08/2023,12000,6,27848.64,US085871,18000
AC8654486,Ilorin,Nigeria,429,30/08/2023,9000,0,24510.15,US085871,18000
AC8656184,Ilorin,Nigeria,429,30/08/2023,22000,29,26545.95,US085871,18000
AC8656218,Ilorin,Nigeria,179,30/08/2023,7000,18,6928.88,US085871,5500
AC8647524,Kawangware,Kenya,20,29/08/2023,700,10,553.42,US087292,500
AC8648587,Kawangware,Kenya,20,29/08/2023,900,21,1017.01,US087292,500
AC8641878,Abeokuta,Nigeria,771,28/08/2023,18000,6,30000,US087539,30000
AC8646798,Abeokuta,Nigeria,429,29/08/2023,16000,15,25706.85,US087539,18000
AC8650699,Ilorin,Nigeria,179,30/08/2023,5000,5,8226.55,US089860,5500
AC8641849,Ilorin,Nigeria,179,28/08/2023,9500,29,5500,US090078,5500
AC8637073,Ilorin,Nigeria,179,28/08/2023,5000,3,5500,US092533,5500
AC8637104,Ilorin,Nigeria,179,28/08/2023,5000,5,5818.43,US092533,5500
AC8641244,Ilorin,Nigeria,179,28/08/2023,5000,3,5500,US092533,5500
AC8644846,Ilorin,Nigeria,429,29/08/2023,12000,4,27040.23,US092533,18000
AC8648475,Ilorin,Nigeria,214,29/08/2023,12000,32,12894.11,US092533,8000
AC8651607,Ilorin,Nigeria,771,30/08/2023,22000,13,30000,US092533,30000
AC8670615,Ilorin,Nigeria,179,01/09/2023,5000,7,5500,US092533,5500
AC8687046,Ilorin,Nigeria,179,04/09/2023,5000,10,5500,US092533,5500
AC8688670,Ilorin,Nigeria,179,04/09/2023,5000,10,5500,US092533,5500
AC8688878,Ilorin,Nigeria,179,04/09/2023,5000,10,5500,US092533,5500
AC8655467,Abeokuta,Nigeria,336,30/08/2023,9500,6,15500,US093365,15500
AC8636648,Morogoro,Tanzania,600,28/08/2023,15600,0,33511.06,US093912,16500
AC8639909,Morogoro,Tanzania,900,28/08/2023,21300,-3,43451.45,US093912,20000
AC8666214,Morogoro,Tanzania,1400,01/09/2023,39200,3,93521.54,US093912,65000
AC8668855,Morogoro,Tanzania,1500,01/09/2023,39000,1,74660.25,US093912,40000
AC8674171,Morogoro,Tanzania,1400,02/09/2023,29700,5,96432.7,US093912,65000
AC8681289,Morogoro,Tanzania,900,03/09/2023,21500,1,40137.13,US093912,20000
AC8689618,Morogoro,Tanzania,2450,04/09/2023,58650,1,163822.67,US093912,120000
AC8672483,Ilorin,Nigeria,179,01/09/2023,4500,5,8835.38,US094578,5500
AC8640659,Morogoro,Tanzania,600,28/08/2023,16200,1,33276.23,US094912,16500
AC8645983,Kawangware,Kenya,50,29/08/2023,600,0,2989.1,US094945,1600
AC8660431,Abeokuta,Nigeria,171,31/08/2023,7000,19,8768.77,US095266,8000
AC8662800,Abeokuta,Nigeria,429,31/08/2023,10000,2,22360.66,US095266,18000
AC8680342,Abeokuta,Nigeria,771,02/09/2023,10800,1,30000,US095266,30000
AC8689588,Abeokuta,Nigeria,771,04/09/2023,20000,15,35507.36,US095266,30000
AC8652453,Ilorin,Nigeria,586,30/08/2023,14100,2,40427.84,US095462,30000
AC8652913,Ilorin,Nigeria,179,30/08/2023,3500,-3,9537.48,US095462,5500
AC8658233,Kawangware,Kenya,20,31/08/2023,500,-1,1007.86,US097752,500
AC8671445,Kawangware,Kenya,40,01/09/2023,1080,2,2418.06,US097752,1500
AC8640147,Ilorin,Nigeria,429,28/08/2023,12000,6,28367.3,US098199,18000
AC8662951,Ilorin,Nigeria,179,31/08/2023,3750,-1,9257.47,US098199,5500
AC8681935,Ilorin,Nigeria,179,03/09/2023,3750,2,5500,US098199,5500
AC8637496,Morogoro,Tanzania,1500,28/08/2023,60500,17,79294.83,US098371,40000
AC8639597,Morogoro,Tanzania,500,28/08/2023,15500,4,25965.41,US098371,12000
AC8644221,Morogoro,Tanzania,900,29/08/2023,26000,0,43587.81,US098371,20000
AC8651437,Morogoro,Tanzania,1400,30/08/2023,30000,3,97256.72,US098371,65000
AC8655595,Morogoro,Tanzania,600,30/08/2023,13500,1,31536.39,US098371,16500
AC8658242,Morogoro,Tanzania,900,31/08/2023,28400,6,42732.66,US098371,20000
AC8680518,Morogoro,Tanzania,900,03/09/2023,20000,5,40793.67,US098371,20000
AC8684088,Morogoro,Tanzania,900,03/09/2023,16700,3,31391.92,US098371,20000
AC8685388,Morogoro,Tanzania,900,04/09/2023,19800,0,39344.23,US098371,20000
AC8686502,Morogoro,Tanzania,900,04/09/2023,24600,5,37369.68,US098371,20000
AC8675127,Sumbawanga,Tanzania,2000,02/09/2023,58000,7,132737.51,US098446,85000
AC8679695,Sumbawanga,Tanzania,2000,02/09/2023,56000,4,126132.79,US098446,85000
AC8693198,Sumbawanga,Tanzania,2800,04/09/2023,50500,-1,93856.79,US098446,35000
AC8644797,Kawangware,Kenya,68,29/08/2023,1980,0,4946.44,US098587,3500
AC8646429,Kawangware,Kenya,20,29/08/2023,530,2,1003.75,US098587,500
AC8661410,Kawangware,Kenya,20,31/08/2023,321,-1,1002.28,US098587,500
AC8688367,Kawangware,Kenya,68,04/09/2023,2057,8,4976.2,US098587,3500
AC8637934,Kawangware,Kenya,20,28/08/2023,320,-3,1024.21,US098835,500
AC8652758,Kawangware,Kenya,20,30/08/2023,200,-4,963.79,US098835,500
AC8653109,Kawangware,Kenya,20,30/08/2023,340,0,1021.32,US098835,500
AC8659829,Kawangware,Kenya,20,31/08/2023,460,1,985.02,US098835,500
AC8667531,Kawangware,Kenya,50,01/09/2023,550,-5,2802.12,US098835,1600
AC8637856,Abeokuta,Nigeria,771,28/08/2023,20000,8,30000,US099596,30000
AC8644672,Abeokuta,Nigeria,179,29/08/2023,4500,1,5500,US099596,5500
AC8671766,Abeokuta,Nigeria,771,01/09/2023,15000,6,30000,US099596,30000
AC8688179,Kawangware,Kenya,20,04/09/2023,500,5,896.12,US100410,500
AC8691839,Kawangware,Kenya,20,04/09/2023,300,-1,923.13,US100410,500
AC8640941,Tongareni,Kenya,20,28/08/2023,620,2,1059.15,US100593,500
AC8647712,Tongareni,Kenya,20,29/08/2023,520,3,1015.67,US100593,500
AC8663366,Tongareni,Kenya,20,31/08/2023,600,4,979.87,US100593,500
AC8663390,Tongareni,Kenya,20,31/08/2023,480,0,999.84,US100593,500
AC8671585,Tongareni,Kenya,20,01/09/2023,490,0,977.52,US100593,500
AC8679653,Tongareni,Kenya,20,02/09/2023,480,1,959.25,US100593,500
AC8680696,Tongareni,Kenya,15,03/09/2023,300,0,736.28,US100593,400
AC8681195,Tongareni,Kenya,20,03/09/2023,460,1,924.81,US100593,500
AC8659560,Tongareni,Kenya,20,31/08/2023,500,1,941.73,US100627,500
AC8660321,Tongareni,Kenya,20,31/08/2023,520,1,982.18,US100627,500
AC8663720,Tongareni,Kenya,20,31/08/2023,600,4,1000.81,US100627,500
AC8677891,Tongareni,Kenya,100,02/09/2023,2200,0,9062.79,US100627,6750
AC8678612,Ilorin,Nigeria,179,02/09/2023,7000,19,5500,US100699,5500
AC8688052,Ilorin,Nigeria,486,04/09/2023,25000,33,25500.57,US100699,20000
AC8647134,Ilorin,Nigeria,179,29/08/2023,5000,4,9251.12,US100866,5500
AC8684642,Ilorin,Nigeria,771,03/09/2023,10000,1,30000,US100866,30000
AC8677618,Ilorin,Nigeria,179,02/09/2023,4500,5,5500,US100870,5500
AC8693681,Ilorin,Nigeria,586,04/09/2023,16400,10,30000,US100883,30000
AC8686883,Ilorin,Nigeria,429,04/09/2023,20000,29,18000,US100952,18000
AC8661361,Morogoro,Tanzania,900,31/08/2023,22500,0,38270.78,US101368,20000
AC8672508,Morogoro,Tanzania,2700,01/09/2023,59400,1,224733.76,US101368,160000
AC8656961,Tongareni,Kenya,20,31/08/2023,490,0,1008.8,US101477,500
AC8665301,Tongareni,Kenya,20,01/09/2023,526,2,989.3,US101477,500
AC8647144,Ilorin,Nigeria,771,29/08/2023,22000,12,30000,US101827,30000
AC8654875,Ilorin,Nigeria,179,30/08/2023,6250,12,9285.59,US101827,5500
AC8654914,Ilorin,Nigeria,179,30/08/2023,5000,5,7431.4,US101827,5500
AC8693640,Ilorin,Nigeria,171,04/09/2023,5000,12,8000,US101827,8000
AC8653042,Abeokuta,Nigeria,179,30/08/2023,8500,25,8927.48,US102294,5500
AC8676371,Abeokuta,Nigeria,771,02/09/2023,15000,6,30000,US102457,30000
AC8676582,Morogoro,Tanzania,900,02/09/2023,22500,1,40833.31,US102532,20000
AC8635729,Abeokuta,Nigeria,179,28/08/2023,4500,0,5500,US107628,5500
AC8640837,Abeokuta,Nigeria,171,28/08/2023,4800,5,11960.53,US107628,8000
AC8650995,Abeokuta,Nigeria,179,30/08/2023,8500,25,9413.55,US107628,5500
AC8638194,Ilorin,Nigeria,179,28/08/2023,5000,7,9928.92,US107722,5500
AC8651709,Ilorin,Nigeria,179,30/08/2023,5000,5,5500,US107722,5500
AC8664143,Ilorin,Nigeria,171,31/08/2023,2400,-3,11538.66,US107722,8000
AC8652936,Abeokuta,Nigeria,179,30/08/2023,5100,6,9292.5,US107734,5500
AC8641574,Abeokuta,Nigeria,171,28/08/2023,5200,6,12064.39,US107955,8000
AC8646281,Abeokuta,Nigeria,771,29/08/2023,20000,9,30000,US107955,30000
AC8651374,Ilorin,Nigeria,429,30/08/2023,11000,3,25412.25,US108053,18000
AC8693215,Abeokuta,Nigeria,171,04/09/2023,7000,23,8000,US109155,8000
AC8660327,Abeokuta,Nigeria,179,31/08/2023,4500,3,5500,US109241,5500
AC8660332,Abeokuta,Nigeria,179,31/08/2023,4500,3,5500,US109241,5500
AC8662778,Abeokuta,Nigeria,179,31/08/2023,9500,31,8002.91,US109241,5500
AC8670142,Abeokuta,Nigeria,771,01/09/2023,20000,6,30000,US109241,30000
AC8674701,Abeokuta,Nigeria,3179,02/09/2023,31000,4,125916.28,US109241,119000
AC8681380,Abeokuta,Nigeria,486,03/09/2023,15000,13,26998.17,US109241,20000
AC8644062,Abeokuta,Nigeria,179,29/08/2023,5000,7,8545.3,US109462,5500
AC8647492,Tongareni,Kenya,20,29/08/2023,680,7,982.33,US109934,500
AC8656415,Tongareni,Kenya,35,31/08/2023,1050,4,1211.41,US109934,1200
AC8657905,Tongareni,Kenya,20,31/08/2023,520,2,987.6,US109934,500
AC8667823,Tongareni,Kenya,20,01/09/2023,508,0,985.42,US109934,500
AC8679637,Tongareni,Kenya,25,02/09/2023,525,0,1475.29,US109934,900
AC8690210,Abeokuta,Nigeria,171,04/09/2023,7000,23,8000,US110148,8000
AC8650924,Ilorin,Nigeria,179,30/08/2023,5000,5,5500,US110489,5500
AC8657169,Ilorin,Nigeria,179,31/08/2023,5000,6,9328.06,US110489,5500
AC8636760,Sumbawanga,Tanzania,500,28/08/2023,14000,1,23485.55,US110563,12000
AC8638316,Sumbawanga,Tanzania,500,28/08/2023,14000,5,25541.73,US110563,12000
AC8640521,Sumbawanga,Tanzania,2000,28/08/2023,56000,2,133375.05,US110563,85000
AC8651870,Sumbawanga,Tanzania,2000,30/08/2023,42000,-2,137112.15,US110563,85000
AC8655549,Sumbawanga,Tanzania,1400,30/08/2023,29400,3,97250.35,US110563,65000
AC8678898,Sumbawanga,Tanzania,1500,02/09/2023,40500,4,72998.87,US110563,40000
AC8667214,Ilorin,Nigeria,179,01/09/2023,5000,8,9093.53,US110976,5500
AC8685773,Ilorin,Nigeria,429,04/09/2023,14000,10,25435.11,US110976,18000
AC8688417,Ilorin,Nigeria,171,04/09/2023,8000,29,9899.01,US110976,8000
AC8635651,Kawangware,Kenya,68,28/08/2023,2825,12,5224,US111194,3500
AC8636846,Kawangware,Kenya,68,28/08/2023,1905,2,5140.92,US111194,3500
AC8638846,Kawangware,Kenya,20,28/08/2023,520,1,1066.06,US111194,500
AC8640525,Kawangware,Kenya,20,28/08/2023,660,5,1072.52,US111194,500
AC8644417,Kawangware,Kenya,50,29/08/2023,2400,20,2934.97,US111194,1600
AC8651773,Kawangware,Kenya,20,30/08/2023,310,-1,1021.31,US111194,500
AC8670952,Kawangware,Kenya,20,01/09/2023,540,3,956.7,US111194,500
AC8671404,Kawangware,Kenya,20,01/09/2023,160,-14,975.24,US111194,500
AC8675071,Kawangware,Kenya,68,02/09/2023,1900,5,4977.31,US111194,3500
AC8689872,Kawangware,Kenya,20,04/09/2023,440,1,861.67,US111194,500
AC8685997,Tongareni,Kenya,40,04/09/2023,920,1,2310.66,US111211,1500
AC8658038,Kawangware,Kenya,20,31/08/2023,460,3,1001.26,US111228,500
AC8670149,Kawangware,Kenya,20,01/09/2023,500,1,981.72,US111228,500
AC8691358,Kawangware,Kenya,35,04/09/2023,755,0,1931.94,US111228,1200
AC8641191,Abeokuta,Nigeria,171,28/08/2023,7000,16,10541.38,US111344,8000
AC8666798,Abeokuta,Nigeria,179,01/09/2023,9500,32,5500,US111344,5500
AC8674654,Abeokuta,Nigeria,179,02/09/2023,9500,33,6831.77,US111344,5500
AC8677186,Abeokuta,Nigeria,171,02/09/2023,7600,24,11275.48,US111344,8000
AC8646885,Abeokuta,Nigeria,179,29/08/2023,7000,15,9661.58,US111538,5500
AC8662194,Abeokuta,Nigeria,214,31/08/2023,7000,11,12090.82,US111538,8000
AC8676373,Abeokuta,Nigeria,336,02/09/2023,9500,8,15500,US111538,15500
AC8691590,Morogoro,Tanzania,900,04/09/2023,16600,2,37679.26,US111618,20000
AC8692103,Morogoro,Tanzania,900,04/09/2023,15500,-1,39034.9,US111618,20000
AC8667798,Abeokuta,Nigeria,771,01/09/2023,39000,37,30000,US111928,30000
AC8678557,Kawangware,Kenya,20,02/09/2023,480,2,961.76,US111947,500
AC8647619,Tongareni,Kenya,35,29/08/2023,690,2,2126.66,US111979,1200
AC8654752,Tongareni,Kenya,20,30/08/2023,580,4,1028.74,US111979,500
AC8674960,Tongareni,Kenya,20,02/09/2023,340,3,944.44,US111979,500
AC8681326,Tongareni,Kenya,20,03/09/2023,440,1,924.9,US111979,500
AC8689160,Kawangware,Kenya,20,04/09/2023,340,2,905.83,US112077,500
AC8692678,Kawangware,Kenya,60,04/09/2023,1800,8,3000,US112077,3000
AC8645223,Morogoro,Tanzania,600,29/08/2023,18000,2,16500,US112247,16500
AC8652199,Morogoro,Tanzania,2700,30/08/2023,97200,10,230453.11,US112247,160000
AC8688611,Morogoro,Tanzania,900,04/09/2023,21500,1,33159.3,US112247,15000
AC8691145,Abeokuta,Nigeria,771,04/09/2023,10800,3,30000,US113286,30000
AC8680045,Ilorin,Nigeria,171,02/09/2023,7000,21,8000,US113305,8000
AC8691985,Ilorin,Nigeria,336,04/09/2023,9500,10,15500,US113305,15500
AC8673125,Kawangware,Kenya,60,02/09/2023,850,4,3854.13,US113329,3000
AC8668756,Abeokuta,Nigeria,771,01/09/2023,40000,38,30000,US113747,30000
AC8691313,Abeokuta,Nigeria,179,04/09/2023,4500,7,5500,US113747,5500
AC8666019,Ilorin,Nigeria,179,01/09/2023,4000,1,6822.71,US113938,5500
AC8688998,Abeokuta,Nigeria,171,04/09/2023,7000,23,8000,US114079,8000
AC8689161,Abeokuta,Nigeria,771,04/09/2023,20000,15,30000,US114079,30000
AC8664255,Abeokuta,Nigeria,179,31/08/2023,2500,-5,9269.3,US114239,5500
AC8669568,Ilorin,Nigeria,171,01/09/2023,3200,0,10411.25,US114262,8000
AC8679554,Ilorin,Nigeria,214,02/09/2023,5500,6,12074.8,US114262,8000
AC8687035,Ilorin,Nigeria,179,04/09/2023,4500,7,5500,US114262,5500
AC8693079,Ilorin,Nigeria,179,04/09/2023,4500,7,5500,US114262,5500
AC8644407,Abeokuta,Nigeria,486,29/08/2023,13600,4,29815.81,US114608,20000
AC8656455,Abeokuta,Nigeria,171,31/08/2023,4400,4,9967.55,US114608,8000
AC8686410,Abeokuta,Nigeria,179,04/09/2023,9000,32,7716.57,US114608,5500
AC8693691,Abeokuta,Nigeria,179,04/09/2023,2500,-4,8544.05,US114608,5500
AC8638353,Abeokuta,Nigeria,179,28/08/2023,7100,15,9807.83,US114610,5500
AC8667247,Ilorin,Nigeria,179,01/09/2023,6250,14,9115.34,US114622,5500
AC8669846,Abeokuta,Nigeria,179,01/09/2023,9500,32,8558.05,US116478,5500
AC8669348,Ilorin,Nigeria,429,01/09/2023,10000,2,24533.97,US116495,18000
AC8639717,Ilorin,Nigeria,179,28/08/2023,3750,-2,9905.78,US117146,5500
AC8643447,Ilorin,Nigeria,429,29/08/2023,9000,6,27953.71,US117146,18000
AC8650293,Ilorin,Nigeria,179,30/08/2023,4500,2,7906.44,US117146,5500
AC8650927,Ilorin,Nigeria,179,30/08/2023,3750,1,8580.26,US117146,5500
AC8680294,Ilorin,Nigeria,179,02/09/2023,17500,78,7883.01,US117146,5500
AC8676772,Abeokuta,Nigeria,171,02/09/2023,4000,3,8000,US117164,8000
AC8644759,Kawangware,Kenya,20,29/08/2023,600,3,1025.55,US117457,500
AC8649727,Kawangware,Kenya,68,30/08/2023,1485,5,5196.77,US117457,3500
AC8658970,Kawangware,Kenya,20,31/08/2023,160,-8,1016.99,US117457,500
AC8677296,Kawangware,Kenya,20,02/09/2023,380,0,962.33,US117457,500
AC8687180,Kawangware,Kenya,68,04/09/2023,1575,2,4448.75,US117457,3500
AC8659071,Tongareni,Kenya,20,31/08/2023,300,-1,1006.7,US117471,500
AC8661230,Tongareni,Kenya,20,31/08/2023,540,3,981.56,US117471,500
AC8664772,Tongareni,Kenya,68,01/09/2023,2500,13,4876.6,US117471,3500
AC8664431,Abeokuta,Nigeria,171,01/09/2023,3600,2,10892.73,US117530,8000
AC8692150,Abeokuta,Nigeria,179,04/09/2023,3000,-1,8569.99,US117530,5500
AC8687127,Kawangware,Kenya,20,04/09/2023,860,21,760.97,US117537,500
AC8666049,Tongareni,Kenya,20,01/09/2023,390,1,983.01,US117827,500
AC8654760,Kawangware,Kenya,20,30/08/2023,460,1,953.82,US117833,500
AC8677145,Kawangware,Kenya,20,02/09/2023,810,16,702.49,US117833,500
AC8635897,Kawangware,Kenya,50,28/08/2023,2200,18,2461.59,US117835,1600
AC8639726,Kawangware,Kenya,20,28/08/2023,2300,86,1056.78,US117835,500
AC8640644,Kawangware,Kenya,20,28/08/2023,1060,24,986.94,US117835,500
AC8644973,Kawangware,Kenya,20,29/08/2023,390,0,1045.31,US117835,500
AC8682044,Kawangware,Kenya,20,03/09/2023,100,-9,784.12,US117835,500
AC8653329,Ilorin,Nigeria,336,30/08/2023,10000,7,15500,US117916,15500
AC8656924,Ilorin,Nigeria,429,31/08/2023,17000,17,26151.99,US117916,18000
AC8664415,Ilorin,Nigeria,429,01/09/2023,12000,7,26734.92,US117916,18000
AC8664417,Ilorin,Nigeria,179,01/09/2023,2500,-4,8662.64,US117916,5500
AC8664420,Ilorin,Nigeria,171,01/09/2023,3600,0,10501.07,US117916,8000
AC8686635,Ilorin,Nigeria,179,04/09/2023,5250,11,6797.82,US117946,5500
AC8693489,Ilorin,Nigeria,771,04/09/2023,15400,9,36961.97,US117946,30000
AC8693504,Ilorin,Nigeria,771,04/09/2023,15400,9,38050.88,US117946,30000
AC8681547,Tongareni,Kenya,20,03/09/2023,470,0,945.3,US118040,500
AC8670417,Abeokuta,Nigeria,179,01/09/2023,4500,4,5500,US118104,5500
AC8671972,Abeokuta,Nigeria,336,01/09/2023,7500,2,20184.34,US118104,15500
AC8637476,Abeokuta,Nigeria,171,28/08/2023,12000,45,8000,US118519,8000
AC8669010,Abeokuta,Nigeria,179,01/09/2023,4500,4,5500,US118630,5500
AC8658658,Abeokuta,Nigeria,171,31/08/2023,7000,19,8000,US118634,8000
AC8679088,Abeokuta,Nigeria,179,02/09/2023,9500,33,5500,US118655,5500
AC8666957,Abeokuta,Nigeria,771,01/09/2023,20000,5,30000,US119209,30000
AC8669068,Abeokuta,Nigeria,429,01/09/2023,12000,7,26685.34,US119209,18000
AC8670157,Abeokuta,Nigeria,336,01/09/2023,11750,14,19227.63,US119209,15500
AC8670545,Abeokuta,Nigeria,171,01/09/2023,9750,36,9898.89,US119209,8000
AC8676345,Abeokuta,Nigeria,336,02/09/2023,9500,8,15500,US119209,15500
AC8636954,Ilorin,Nigeria,179,28/08/2023,5150,4,9251.1,US119334,5500
AC8665103,Ilorin,Nigeria,429,01/09/2023,12000,7,24450.12,US119334,18000
AC8666247,Ilorin,Nigeria,179,01/09/2023,4300,7,9139.37,US119334,5500
AC8683039,Ilorin,Nigeria,179,03/09/2023,3750,2,5500,US119334,5500
AC8662591,Abeokuta,Nigeria,771,31/08/2023,10800,6,40883.96,US119352,30000
AC8678912,Abeokuta,Nigeria,171,02/09/2023,4500,6,9961.88,US119352,8000
AC8653327,Ilorin,Nigeria,336,30/08/2023,19490,35,21911.62,US119419,15500
AC8658787,Ilorin,Nigeria,179,31/08/2023,17900,78,6816.34,US119419,5500
AC8664988,Ilorin,Nigeria,429,01/09/2023,24000,35,25478.61,US119419,18000
AC8667349,Ilorin,Nigeria,771,01/09/2023,30000,25,39955.67,US119419,30000
AC8688530,Ilorin,Nigeria,179,04/09/2023,5000,10,5500,US119419,5500
AC8693625,Ilorin,Nigeria,429,04/09/2023,36000,66,23925.76,US119419,18000
AC8676474,Ilorin,Nigeria,179,02/09/2023,5000,8,5500,US119552,5500
AC8641325,Kawangware,Kenya,20,28/08/2023,420,-3,1019.98,US119562,500
AC8641491,Kawangware,Kenya,20,28/08/2023,560,0,979.62,US119562,500
AC8644317,Kawangware,Kenya,68,29/08/2023,1900,0,4948.35,US119562,3500
AC8656114,Kawangware,Kenya,20,30/08/2023,400,-1,1020.2,US119562,500
AC8660338,Kawangware,Kenya,20,31/08/2023,400,-1,994.92,US119562,500
AC8661063,Kawangware,Kenya,20,31/08/2023,450,0,961.79,US119562,500
AC8676288,Kawangware,Kenya,120,02/09/2023,2900,0,10531.01,US119562,7750
AC8684860,Kawangware,Kenya,20,03/09/2023,140,-11,947.66,US119562,500
AC8689441,Kawangware,Kenya,20,04/09/2023,600,9,620.3,US119562,500
AC8651339,Tongareni,Kenya,20,30/08/2023,520,2,1001.91,US119659,500
AC8656368,Tongareni,Kenya,20,31/08/2023,240,-6,911.46,US119659,500
AC8660342,Tongareni,Kenya,20,31/08/2023,440,-1,1003.68,US119659,500
AC8667863,Tongareni,Kenya,20,01/09/2023,480,0,997.47,US119659,500
AC8668130,Tongareni,Kenya,20,01/09/2023,100,-1,986.6,US119659,500
AC8679113,Tongareni,Kenya,20,02/09/2023,540,4,959,US119659,500
AC8679662,Tongareni,Kenya,20,02/09/2023,140,-3,920.17,US119659,500
AC8691208,Ilorin,Nigeria,429,04/09/2023,14000,15,18000,US119696,18000
AC8693392,Ilorin,Nigeria,179,04/09/2023,6700,20,8179.86,US119696,5500
AC8641790,Ilorin,Nigeria,429,28/08/2023,21000,24,26982.08,US119704,18000
AC8677985,Abeokuta,Nigeria,171,02/09/2023,7000,21,10280.3,US119707,8000
AC8687982,Abeokuta,Nigeria,179,04/09/2023,6500,18,5500,US119707,5500
AC8671127,Ilorin,Nigeria,171,01/09/2023,3600,0,10410.5,US119711,8000
AC8651197,Abeokuta,Nigeria,171,30/08/2023,4000,0,8000,US119713,8000
AC8666962,Abeokuta,Nigeria,171,01/09/2023,12000,49,8224.53,US119713,8000
AC8642973,Abeokuta,Nigeria,179,29/08/2023,5500,7,9483.57,US119808,5500
AC8653322,Abeokuta,Nigeria,171,30/08/2023,9400,32,11615.84,US119808,8000
AC8688486,Abeokuta,Nigeria,429,04/09/2023,9000,3,24148.27,US119808,18000
AC8650715,Ilorin,Nigeria,179,30/08/2023,7000,17,7708.17,US119938,5500
AC8667975,Ilorin,Nigeria,171,01/09/2023,4400,5,11284.69,US119938,8000
AC8676785,Ilorin,Nigeria,179,02/09/2023,3750,1,7837.46,US119938,5500
AC8683448,Ilorin,Nigeria,179,03/09/2023,7500,23,7591.68,US119938,5500
AC8641646,Ilorin,Nigeria,429,28/08/2023,19000,20,18000,US120148,18000
AC8641663,Ilorin,Nigeria,429,28/08/2023,19000,20,18000,US120148,18000
AC8691562,Ilorin,Nigeria,429,04/09/2023,13000,12,23045.47,US120148,18000
AC8673618,Abeokuta,Nigeria,179,02/09/2023,4250,4,8551.55,US120160,5500
AC8693626,Abeokuta,Nigeria,179,04/09/2023,3850,5,8272.4,US120160,5500
AC8685244,Abeokuta,Nigeria,179,04/09/2023,7500,24,6625.41,US120165,5500
AC8648821,Ilorin,Nigeria,771,29/08/2023,20000,9,30000,US121003,30000
AC8650399,Ilorin,Nigeria,179,30/08/2023,10000,33,9318.36,US121003,5500
AC8656204,Ilorin,Nigeria,214,30/08/2023,6000,5,8000,US121003,8000
AC8660600,Ilorin,Nigeria,171,31/08/2023,4800,7,11732.38,US121003,8000
AC8665031,Ilorin,Nigeria,171,01/09/2023,2400,-7,11603.51,US121003,8000
AC8674206,Ilorin,Nigeria,214,02/09/2023,12000,36,12177.78,US121003,8000
AC8682802,Ilorin,Nigeria,214,03/09/2023,7000,14,8000,US121003,8000
AC8657986,Ilorin,Nigeria,179,31/08/2023,4500,3,8562.31,US121448,5500
AC8667988,Ilorin,Nigeria,179,01/09/2023,4500,4,5500,US121448,5500
AC8692319,Ilorin,Nigeria,771,04/09/2023,10800,6,37634.57,US121448,30000
AC8638358,Tongareni,Kenya,20,28/08/2023,420,0,1043.75,US121788,500
AC8669163,Tongareni,Kenya,20,01/09/2023,470,-1,983.88,US121788,500
AC8678296,Tongareni,Kenya,15,02/09/2023,300,-2,732.08,US121788,400
AC8690450,Tongareni,Kenya,20,04/09/2023,370,0,896.74,US121788,500
AC8686808,Morogoro,Tanzania,900,04/09/2023,24900,5,38161,US121833,20000
AC8661439,Abeokuta,Nigeria,171,31/08/2023,3200,3,11086.27,US122085,8000
AC8641257,Abeokuta,Nigeria,214,28/08/2023,6000,3,12049.81,US122086,8000
AC8641769,Abeokuta,Nigeria,429,28/08/2023,12000,5,27623.73,US122086,18000
AC8643153,Abeokuta,Nigeria,179,29/08/2023,7500,18,7901.65,US122086,5500
AC8662264,Abeokuta,Nigeria,179,31/08/2023,3750,-1,9260.86,US122086,5500
AC8693506,Abeokuta,Nigeria,179,04/09/2023,9500,36,7809.82,US122086,5500
AC8680156,Kawangware,Kenya,20,02/09/2023,520,3,959.11,US122684,500
AC8644633,Kawangware,Kenya,20,29/08/2023,540,1,1042.99,US122746,500
AC8656463,Kawangware,Kenya,20,31/08/2023,600,4,980.4,US122746,500
AC8683345,Kawangware,Kenya,20,03/09/2023,500,3,944.05,US122746,500
AC8640982,Kawangware,Kenya,68,28/08/2023,2020,0,4778.72,US122790,3500
AC8681969,Kawangware,Kenya,35,03/09/2023,755,4,1655.44,US123067,1200
AC8684832,Kawangware,Kenya,50,03/09/2023,500,-8,2347.69,US123067,1600
AC8693177,Kawangware,Kenya,20,04/09/2023,440,1,859.3,US123067,500
AC8689200,Kawangware,Kenya,20,04/09/2023,520,5,842.76,US123119,500
AC8653643,Kawangware,Kenya,20,30/08/2023,460,4,1020.66,US123148,500
AC8649891,Kawangware,Kenya,20,30/08/2023,70,-8,888.59,US123152,500
AC8677654,Kawangware,Kenya,20,02/09/2023,200,1,973.25,US123152,500
AC8692467,Kawangware,Kenya,20,04/09/2023,514,8,736.78,US123152,500
AC8653900,Kawangware,Kenya,20,30/08/2023,400,-7,901.39,US123166,500
AC8636748,Kawangware,Kenya,120,28/08/2023,3750,2,10851.99,US123192,7750
AC8645729,Kawangware,Kenya,100,29/08/2023,4500,17,3809.03,US123192,2500
AC8656919,Kawangware,Kenya,68,31/08/2023,1990,7,5219.9,US123192,3500
AC8656509,Kawangware,Kenya,20,31/08/2023,500,2,1020.13,US123222,500
AC8652017,Kawangware,Kenya,20,30/08/2023,480,0,1023.1,US123304,500
AC8682471,Kawangware,Kenya,20,03/09/2023,340,1,739.19,US123304,500
AC8686732,Ilorin,Nigeria,179,04/09/2023,14400,63,7660.39,US123329,5500
AC8686736,Ilorin,Nigeria,179,04/09/2023,2500,-3,8551.26,US123329,5500
AC8688375,Ilorin,Nigeria,429,04/09/2023,9000,5,24991.66,US123333,18000
AC8674156,Ilorin,Nigeria,771,02/09/2023,49000,50,30000,US123338,30000
AC8680350,Ilorin,Nigeria,586,02/09/2023,16200,8,35726.26,US123400,30000
AC8680411,Ilorin,Nigeria,429,03/09/2023,21000,30,26227.76,US123400,18000
AC8689361,Ilorin,Nigeria,336,04/09/2023,9700,11,19886.07,US123400,15500
AC8643087,Abeokuta,Nigeria,429,29/08/2023,13000,6,25040.13,US123555,18000
AC8652606,Abeokuta,Nigeria,171,30/08/2023,12000,47,9522.84,US123555,8000
AC8646974,Kawangware,Kenya,20,29/08/2023,340,-1,1041.43,US123572,500
AC8649369,Kawangware,Kenya,20,30/08/2023,400,-1,1030.65,US123572,500
AC8666332,Kawangware,Kenya,35,01/09/2023,1000,3,2050.42,US123572,1200
AC8672802,Kawangware,Kenya,20,02/09/2023,380,3,982.23,US123572,500
AC8640429,Kawangware,Kenya,20,28/08/2023,1500,46,500,US123576,500
AC8646315,Kawangware,Kenya,68,29/08/2023,1018,-7,5321.65,US123576,3500
AC8653851,Kawangware,Kenya,20,30/08/2023,1100,37,783.13,US123576,500
AC8654917,Kawangware,Kenya,20,30/08/2023,400,8,997.3,US123576,500
AC8649220,Ilorin,Nigeria,429,29/08/2023,15000,11,18798.55,US123798,18000
AC8654688,Ilorin,Nigeria,179,30/08/2023,5000,5,8908.85,US123798,5500
AC8671369,Ilorin,Nigeria,771,01/09/2023,11000,1,35948.01,US123798,30000
AC8684942,Ilorin,Nigeria,179,03/09/2023,2750,0,7629.18,US123798,5500
AC8643919,Abeokuta,Nigeria,171,29/08/2023,3200,-3,11997.03,US123874,8000
AC8646743,Abeokuta,Nigeria,429,29/08/2023,10000,-1,28013.88,US123874,18000
AC8678527,Abeokuta,Nigeria,179,02/09/2023,5000,8,5500,US123874,5500
AC8638178,Abeokuta,Nigeria,179,28/08/2023,15000,59,5500,US123898,5500
AC8689255,Kawangware,Kenya,20,04/09/2023,340,0,924.95,US124678,500
AC8641315,Kawangware,Kenya,20,28/08/2023,1574,49,1019.99,US124811,500
AC8641562,Kawangware,Kenya,20,28/08/2023,700,7,512.44,US124811,500
AC8644596,Kawangware,Kenya,20,29/08/2023,350,-1,1057.13,US124811,500
AC8648627,Kawangware,Kenya,20,29/08/2023,590,2,1000.96,US124811,500
AC8654466,Kawangware,Kenya,20,30/08/2023,480,0,962.17,US124811,500
AC8665325,Kawangware,Kenya,20,01/09/2023,420,0,986.8,US124811,500
AC8676499,Kawangware,Kenya,20,02/09/2023,60,-19,973.39,US124811,500
AC8682790,Kawangware,Kenya,20,03/09/2023,400,0,761.96,US124811,500
AC8688882,Kawangware,Kenya,20,04/09/2023,380,0,903.64,US124811,500
AC8647927,Kawangware,Kenya,20,29/08/2023,650,4,702.77,US125174,500
AC8673387,Kawangware,Kenya,68,02/09/2023,1925,4,4812.32,US125174,3500
AC8676586,Kawangware,Kenya,20,02/09/2023,160,-3,924.1,US125174,500
AC8677528,Kawangware,Kenya,20,02/09/2023,90,-5,959.27,US125174,500
AC8643470,Kawangware,Kenya,20,29/08/2023,2139,78,621.96,US125405,500
AC8649817,Kawangware,Kenya,20,30/08/2023,560,7,982.24,US125405,500
AC8662863,Kawangware,Kenya,20,31/08/2023,640,9,1002.06,US125405,500
AC8671999,Kawangware,Kenya,20,01/09/2023,510,4,932.63,US125405,500
AC8650575,Tongareni,Kenya,20,30/08/2023,980,23,943.23,US125680,500
AC8658523,Tongareni,Kenya,20,31/08/2023,485,0,960.55,US125680,500
AC8660434,Tongareni,Kenya,20,31/08/2023,540,3,944.63,US125680,500
AC8663278,Tongareni,Kenya,20,31/08/2023,480,0,999.05,US125680,500
AC8663287,Tongareni,Kenya,20,31/08/2023,500,1,925.79,US125680,500
AC8677234,Tongareni,Kenya,20,02/09/2023,470,2,918.02,US125680,500
AC8690113,Abeokuta,Nigeria,179,04/09/2023,6500,18,5500,US125797,5500
AC8640856,Abeokuta,Nigeria,179,28/08/2023,5000,3,7810.46,US125818,5500
AC8639209,Kawangware,Kenya,20,28/08/2023,680,5,1063.49,US125998,500
AC8639997,Kawangware,Kenya,20,28/08/2023,380,1,1001.91,US125998,500
AC8654169,Kawangware,Kenya,68,30/08/2023,2375,7,5203.12,US125998,3500
AC8662118,Kawangware,Kenya,20,31/08/2023,260,-2,1002.94,US125998,500
AC8668328,Kawangware,Kenya,20,01/09/2023,160,-15,979.45,US125998,500
AC8676696,Kawangware,Kenya,20,02/09/2023,40,-8,976.08,US125998,500
AC8685829,Kawangware,Kenya,20,04/09/2023,340,0,938.13,US125998,500
AC8641471,Ilorin,Nigeria,429,28/08/2023,13000,6,28091.36,US126295,18000
AC8685507,Ilorin,Nigeria,214,04/09/2023,5000,6,11528.68,US126295,8000
AC8685582,Ilorin,Nigeria,179,04/09/2023,4000,6,8438.74,US126295,5500
AC8693486,Ilorin,Nigeria,771,04/09/2023,20000,15,30000,US126295,30000
AC8640890,Ilorin,Nigeria,171,28/08/2023,7200,17,11902.39,US126333,8000
AC8681336,Ilorin,Nigeria,179,03/09/2023,3750,2,7879.23,US126333,5500
AC8648724,Ilorin,Nigeria,429,29/08/2023,12000,4,26819.64,US126431,18000
AC8650071,Ilorin,Nigeria,179,30/08/2023,5000,5,5500,US126431,5500
AC8657163,Ilorin,Nigeria,486,31/08/2023,13500,6,28918.64,US126431,20000
AC8666089,Ilorin,Nigeria,214,01/09/2023,6000,7,12179.09,US126431,8000
AC8668487,Ilorin,Nigeria,179,01/09/2023,5000,7,7524.18,US126431,5500
AC8690118,Ilorin,Nigeria,179,04/09/2023,3750,5,8360.99,US126431,5500
AC8690652,Ilorin,Nigeria,179,04/09/2023,3750,3,7836.72,US126431,5500
AC8637014,Abeokuta,Nigeria,336,28/08/2023,14500,18,23291.49,US126512,15500
AC8643343,Ilorin,Nigeria,214,29/08/2023,6000,4,12481.42,US126630,8000
AC8693629,Ilorin,Nigeria,336,04/09/2023,7050,4,20207.95,US126630,15500
AC8652031,Abeokuta,Nigeria,179,30/08/2023,5800,9,9280.61,US126750,5500
AC8648752,Ilorin,Nigeria,179,29/08/2023,5000,4,5500,US126804,5500
AC8649261,Ilorin,Nigeria,179,29/08/2023,4500,2,5500,US126804,5500
AC8664692,Ilorin,Nigeria,771,01/09/2023,34800,31,40404.47,US126804,30000
AC8681043,Ilorin,Nigeria,179,03/09/2023,5500,12,7368.56,US126804,5500
AC8682567,Ilorin,Nigeria,179,03/09/2023,10000,37,8025.85,US126804,5500
AC8686329,Ilorin,Nigeria,429,04/09/2023,15000,17,23322.72,US126804,18000
AC8678321,Abeokuta,Nigeria,179,02/09/2023,6500,17,8365.56,US127044,5500
AC8680935,Abeokuta,Nigeria,171,03/09/2023,7000,22,8000,US127044,8000
AC8687030,Abeokuta,Nigeria,214,04/09/2023,7000,15,11667.7,US127044,8000
AC8636936,Ilorin,Nigeria,171,28/08/2023,4000,-2,12172.52,US127099,8000
AC8646304,Ilorin,Nigeria,214,29/08/2023,4500,0,11688.25,US127099,8000
AC8655988,Ilorin,Nigeria,179,30/08/2023,5000,5,5500,US127160,5500
AC8656004,Ilorin,Nigeria,214,30/08/2023,6000,5,8000,US127160,8000
AC8657366,Ilorin,Nigeria,179,31/08/2023,5000,6,5500,US127160,5500
AC8642441,Ilorin,Nigeria,179,29/08/2023,5000,4,9140.63,US127649,5500
AC8662684,Ilorin,Nigeria,179,31/08/2023,3750,2,8555.17,US127649,5500
AC8672382,Ilorin,Nigeria,171,01/09/2023,3600,3,10899.6,US127649,8000
AC8677066,Ilorin,Nigeria,179,02/09/2023,3750,1,8028.28,US127649,5500
AC8692413,Ilorin,Nigeria,171,04/09/2023,3600,5,10593.37,US127649,8000
AC8656531,Kawangware,Kenya,20,31/08/2023,140,-15,1017.93,US127802,500
AC8660285,Kawangware,Kenya,20,31/08/2023,0,-26,1000.46,US127802,500
AC8675945,Morogoro,Tanzania,1400,02/09/2023,39200,6,97573.83,US127979,65000
AC8647548,Kawangware,Kenya,20,29/08/2023,420,-3,1001.68,US128185,500
AC8648538,Kawangware,Kenya,20,29/08/2023,540,0,1034.6,US128185,500
AC8671933,Kawangware,Kenya,20,01/09/2023,600,5,500,US128185,500
AC8690112,Kawangware,Kenya,40,04/09/2023,920,1,2298.28,US128185,1500
AC8691744,Kawangware,Kenya,20,04/09/2023,400,0,739.54,US128185,500
AC8641639,Ilorin,Nigeria,486,28/08/2023,13600,3,30194.76,US128983,20000
AC8662226,Abeokuta,Nigeria,171,31/08/2023,6000,14,9383.65,US129147,8000
AC8671840,Abeokuta,Nigeria,179,01/09/2023,9500,32,6057.81,US129147,5500
AC8644785,Abeokuta,Nigeria,179,29/08/2023,5000,5,9482.18,US129724,5500
AC8654141,Abeokuta,Nigeria,179,30/08/2023,3750,1,8570.93,US129724,5500
AC8646802,Abeokuta,Nigeria,179,29/08/2023,4500,1,5500,US129834,5500
AC8658243,Ilorin,Nigeria,179,31/08/2023,3750,4,8892.38,US130002,5500
AC8660850,Ilorin,Nigeria,771,31/08/2023,20000,11,39899.24,US130002,30000
AC8646327,Ilorin,Nigeria,179,29/08/2023,3750,4,9266.75,US130014,5500
AC8652971,Ilorin,Nigeria,179,30/08/2023,3750,-1,9426.34,US130014,5500
AC8669695,Ilorin,Nigeria,179,01/09/2023,5750,11,9125.85,US130014,5500
AC8681358,Ilorin,Nigeria,179,03/09/2023,9000,31,8778.83,US130014,5500
AC8690344,Ilorin,Nigeria,179,04/09/2023,5250,11,8031.47,US130014,5500
AC8658053,Ilorin,Nigeria,429,31/08/2023,11000,4,23313.28,US130056,18000
AC8658070,Ilorin,Nigeria,214,31/08/2023,10000,25,12541.32,US130056,8000
AC8665545,Ilorin,Nigeria,179,01/09/2023,4500,4,5500,US130056,5500
AC8673779,Ilorin,Nigeria,429,02/09/2023,9000,5,25443.62,US130056,18000
AC8669794,Sumbawanga,Tanzania,2000,01/09/2023,75000,10,124621.21,US130085,85000
AC8643430,Ilorin,Nigeria,179,29/08/2023,4800,7,8596.74,US130181,5500
AC8663089,Ilorin,Nigeria,179,31/08/2023,4950,6,7999.14,US130181,5500
AC8671676,Ilorin,Nigeria,179,01/09/2023,13750,56,9058.98,US130181,5500
AC8691561,Abeokuta,Nigeria,171,04/09/2023,7000,23,8000,US130187,8000
AC8659958,Ilorin,Nigeria,171,31/08/2023,4600,5,10277.29,US130193,8000
AC8681396,Ilorin,Nigeria,179,03/09/2023,4500,6,7855.09,US130193,5500
AC8686487,Ilorin,Nigeria,179,04/09/2023,4200,7,8393.04,US130193,5500
AC8663764,Abeokuta,Nigeria,179,31/08/2023,4000,1,8324,US130242,5500
AC8667056,Ilorin,Nigeria,179,01/09/2023,4500,4,5500,US130385,5500
AC8642024,Ilorin,Nigeria,179,29/08/2023,3650,1,8826.71,US130412,5500
AC8646022,Ilorin,Nigeria,179,29/08/2023,5000,5,9456.06,US130412,5500
AC8658516,Ilorin,Nigeria,179,31/08/2023,7500,20,7828.27,US130412,5500
AC8665631,Ilorin,Nigeria,179,01/09/2023,4500,4,5500,US130412,5500
AC8674427,Ilorin,Nigeria,179,02/09/2023,3750,1,6806.6,US130412,5500
AC8691809,Ilorin,Nigeria,214,04/09/2023,6000,10,10797.6,US130412,8000
AC8691840,Ilorin,Nigeria,179,04/09/2023,4500,7,5500,US130412,5500
AC8637988,Kawangware,Kenya,20,28/08/2023,480,0,1042.64,US130532,500
AC8643354,Kawangware,Kenya,68,29/08/2023,1970,7,5386.06,US130532,3500
AC8648525,Kawangware,Kenya,20,29/08/2023,360,0,1038.44,US130532,500
AC8655310,Kawangware,Kenya,20,30/08/2023,460,0,940.44,US130532,500
AC8668945,Kawangware,Kenya,50,01/09/2023,1400,3,2660.39,US130532,1600
AC8677149,Kawangware,Kenya,20,02/09/2023,440,0,964.19,US130532,500
AC8689127,Kawangware,Kenya,20,04/09/2023,416,0,841.48,US130532,500
AC8691599,Kawangware,Kenya,20,04/09/2023,320,-1,923.22,US130532,500
AC8644144,Abeokuta,Nigeria,429,29/08/2023,12000,4,18000,US130697,18000
AC8648429,Abeokuta,Nigeria,429,29/08/2023,15000,11,21887.8,US130697,18000
AC8675125,Tongareni,Kenya,20,02/09/2023,420,2,978.26,US130939,500
AC8690469,Tongareni,Kenya,20,04/09/2023,380,0,882.93,US130939,500
AC8692676,Ilorin,Nigeria,179,04/09/2023,10000,38,6390.92,US130974,5500
AC8693558,Ilorin,Nigeria,179,04/09/2023,5000,10,5500,US130974,5500
AC8693562,Ilorin,Nigeria,429,04/09/2023,10000,6,24806.45,US130974,18000
AC8635196,Abeokuta,Nigeria,429,28/08/2023,9000,-1,28550.36,US131895,18000
AC8644167,Abeokuta,Nigeria,179,29/08/2023,9500,29,5500,US132008,5500
AC8654279,Tongareni,Kenya,50,30/08/2023,1400,2,2254.63,US132410,1000
AC8656915,Tongareni,Kenya,20,31/08/2023,520,2,1007.99,US132410,500
AC8660304,Tongareni,Kenya,100,31/08/2023,2700,1,9268.67,US132410,6750
AC8637656,Ilorin,Nigeria,429,28/08/2023,12000,3,18000,US132801,18000
AC8669619,Ilorin,Nigeria,179,01/09/2023,4250,3,7686.08,US132801,5500
AC8648326,Ilorin,Nigeria,179,29/08/2023,5000,4,8493.22,US132871,5500
AC8650478,Ilorin,Nigeria,179,30/08/2023,6250,13,9428.35,US132871,5500
AC8683633,Ilorin,Nigeria,179,03/09/2023,13500,57,7910.42,US132871,5500
AC8640697,Ilorin,Nigeria,771,28/08/2023,20000,8,30000,US132879,30000
AC8669417,Ilorin,Nigeria,214,01/09/2023,6000,7,8000,US132879,8000
AC8693212,Ilorin,Nigeria,171,04/09/2023,3000,0,11003.75,US132879,8000
AC8642115,Ilorin,Nigeria,179,29/08/2023,5000,4,5500,US132901,5500
AC8642120,Ilorin,Nigeria,171,29/08/2023,3600,3,11505.4,US132901,8000
AC8635815,Morogoro,Tanzania,900,28/08/2023,12600,3,43708.46,US132902,20000
AC8657810,Tongareni,Kenya,20,31/08/2023,480,0,985.48,US133003,500
AC8664853,Tongareni,Kenya,20,01/09/2023,485,0,947.59,US133003,500
AC8636449,Kawangware,Kenya,20,28/08/2023,600,1,1066.2,US133027,500
AC8653028,Kawangware,Kenya,20,30/08/2023,400,-2,1019.71,US133027,500
AC8654603,Kawangware,Kenya,20,30/08/2023,340,1,1030.6,US133027,500
AC8658015,Kawangware,Kenya,20,31/08/2023,100,-8,867.42,US133027,500
AC8664567,Kawangware,Kenya,68,01/09/2023,1900,3,4927.58,US133027,3500
AC8665104,Kawangware,Kenya,20,01/09/2023,320,-7,870.58,US133027,500
AC8672208,Kawangware,Kenya,20,01/09/2023,420,0,978.21,US133027,500
AC8676757,Kawangware,Kenya,35,02/09/2023,770,8,1881.27,US133027,1200
AC8681384,Kawangware,Kenya,20,03/09/2023,463,1,885.29,US133027,500
AC8681843,Kawangware,Kenya,35,03/09/2023,840,1,1767,US133027,1200
AC8689373,Kawangware,Kenya,20,04/09/2023,333,1,864.67,US133027,500
AC8656977,Morogoro,Tanzania,900,31/08/2023,25400,2,41011.65,US133071,20000
AC8638491,Ilorin,Nigeria,179,28/08/2023,6500,11,5500,US133105,5500
AC8686793,Ilorin,Nigeria,486,04/09/2023,8500,-1,28526.35,US133105,20000
AC8687960,Ilorin,Nigeria,179,04/09/2023,4500,7,7821.77,US133110,5500
AC8647150,Abeokuta,Nigeria,429,29/08/2023,22000,27,18000,US133679,18000
AC8653272,Ilorin,Nigeria,179,30/08/2023,5000,5,8911.24,US133682,5500
AC8664207,Ilorin,Nigeria,429,31/08/2023,17000,18,26533.46,US133682,18000
AC8671416,Ilorin,Nigeria,214,01/09/2023,7000,12,8000,US133692,8000
AC8679225,Ilorin,Nigeria,179,02/09/2023,3750,4,8556.45,US133692,5500
AC8690274,Ilorin,Nigeria,179,04/09/2023,10000,38,5500,US133692,5500
AC8661843,Ilorin,Nigeria,179,31/08/2023,4000,1,6924.69,US133722,5500
AC8677646,Ilorin,Nigeria,171,02/09/2023,5200,10,9663.79,US133722,8000
AC8693497,Ilorin,Nigeria,771,04/09/2023,20000,15,30000,US133722,30000
AC8639413,Abeokuta,Nigeria,771,28/08/2023,16800,6,42523.43,US133913,30000
AC8648814,Abeokuta,Nigeria,486,29/08/2023,14700,7,30468.8,US133913,20000
AC8659259,Abeokuta,Nigeria,771,31/08/2023,20000,6,30000,US133913,30000
AC8643291,Abeokuta,Nigeria,179,29/08/2023,2450,-3,9709.72,US134061,5500
AC8654578,Abeokuta,Nigeria,179,30/08/2023,2500,-3,9549.71,US134061,5500
AC8644838,Ilorin,Nigeria,179,29/08/2023,5000,4,5500,US134150,5500
AC8645990,Ilorin,Nigeria,336,29/08/2023,9700,5,21961.94,US134150,15500
AC8670804,Ilorin,Nigeria,336,01/09/2023,14500,22,22111.3,US134150,15500
AC8680141,Ilorin,Nigeria,214,02/09/2023,6000,8,10342.3,US134150,8000
AC8636470,Kawangware,Kenya,68,28/08/2023,1950,1,5081.67,US134272,3500
AC8657189,Kawangware,Kenya,20,31/08/2023,550,1,998.69,US134272,500
AC8661126,Kawangware,Kenya,50,31/08/2023,1420,2,2861.92,US134272,1600
AC8662989,Kawangware,Kenya,20,31/08/2023,340,1,1001.87,US134272,500
AC8683097,Kawangware,Kenya,50,03/09/2023,1300,3,2653.7,US134272,1600
AC8691180,Kawangware,Kenya,20,04/09/2023,500,7,881.24,US134272,500
AC8643570,Sumbawanga,Tanzania,2700,29/08/2023,81300,3,225300.7,US134318,160000
AC8648352,Sumbawanga,Tanzania,1400,29/08/2023,39200,3,98736.18,US134318,65000
AC8669309,Sumbawanga,Tanzania,1500,01/09/2023,43000,4,74565.21,US134318,40000
AC8662909,Tongareni,Kenya,20,31/08/2023,200,-4,939.53,US134422,500
AC8667073,Tongareni,Kenya,20,01/09/2023,540,2,947.14,US134422,500
AC8677907,Tongareni,Kenya,20,02/09/2023,540,3,942.55,US134422,500
AC8680480,Tongareni,Kenya,20,03/09/2023,440,1,961.22,US134422,500
AC8680849,Tongareni,Kenya,20,03/09/2023,450,-1,949.25,US134422,500
AC8688029,Morogoro,Tanzania,2450,04/09/2023,58800,2,154802.01,US134494,120000
AC8689404,Morogoro,Tanzania,600,04/09/2023,18800,9,29209.69,US134494,16500
AC8645076,Morogoro,Tanzania,900,29/08/2023,25900,1,21938.64,US134593,20000
AC8650090,Morogoro,Tanzania,900,30/08/2023,26400,11,36619.16,US134593,20000
AC8661932,Morogoro,Tanzania,900,31/08/2023,20700,0,42556.61,US134593,20000
AC8690423,Morogoro,Tanzania,900,04/09/2023,20700,1,38982.55,US134593,20000
AC8639564,Morogoro,Tanzania,600,28/08/2023,13350,1,33336.6,US134595,16500
AC8644311,Morogoro,Tanzania,900,29/08/2023,20700,0,44594.36,US134595,20000
AC8654912,Morogoro,Tanzania,900,30/08/2023,21100,1,42530.32,US134595,20000
AC8661510,Morogoro,Tanzania,2450,31/08/2023,62500,0,181576.4,US134595,120000
AC8666995,Morogoro,Tanzania,1400,01/09/2023,39200,5,97402.85,US134595,65000
AC8673828,Morogoro,Tanzania,600,02/09/2023,11400,1,29867.4,US134595,16500
AC8676440,Morogoro,Tanzania,900,02/09/2023,14900,-1,40874.97,US134595,20000
AC8682285,Tongareni,Kenya,20,03/09/2023,500,2,945.21,US135281,500
AC8644340,Abeokuta,Nigeria,179,29/08/2023,9500,29,9071.29,US136214,5500
AC8653185,Abeokuta,Nigeria,179,30/08/2023,9500,30,5500,US136214,5500
AC8660829,Abeokuta,Nigeria,179,31/08/2023,7000,17,5500,US136214,5500
AC8661060,Abeokuta,Nigeria,179,31/08/2023,9500,31,5500,US136214,5500
AC8688819,Abeokuta,Nigeria,179,04/09/2023,7000,21,7263.79,US136214,5500
AC8692588,Abeokuta,Nigeria,429,04/09/2023,18000,24,22298.28,US136214,18000
AC8665384,Ilorin,Nigeria,214,01/09/2023,6000,8,11950.49,US136218,8000
AC8666027,Ilorin,Nigeria,171,01/09/2023,3600,0,10309.02,US136218,8000
AC8668453,Ilorin,Nigeria,171,01/09/2023,3600,0,10422.55,US136218,8000
AC8693268,Ilorin,Nigeria,214,04/09/2023,24000,94,10745.2,US136218,8000
AC8649121,Ilorin,Nigeria,179,29/08/2023,3750,2,8865.61,US136238,5500
AC8674265,Ilorin,Nigeria,179,02/09/2023,3750,1,8079.63,US136238,5500
AC8678388,Ilorin,Nigeria,179,02/09/2023,5000,8,7789.28,US136238,5500
AC8639955,Ilorin,Nigeria,179,28/08/2023,3750,-4,9828.92,US136635,5500
AC8652376,Ilorin,Nigeria,179,30/08/2023,4500,2,5500,US136635,5500
AC8658019,Ilorin,Nigeria,429,31/08/2023,9000,6,27099.36,US136635,18000
AC8690348,Ilorin,Nigeria,336,04/09/2023,11950,18,19898.14,US136635,15500
AC8639358,Tongareni,Kenya,20,28/08/2023,500,-2,1042.6,US136684,500
AC8670148,Ilorin,Nigeria,179,01/09/2023,5000,7,5500,US136735,5500
AC8692361,Ilorin,Nigeria,179,04/09/2023,24500,119,5500,US136735,5500
AC8664507,Ilorin,Nigeria,771,01/09/2023,20800,13,35737.58,US136749,30000
AC8664509,Ilorin,Nigeria,179,01/09/2023,5000,7,6834.04,US136749,5500
AC8680002,Ilorin,Nigeria,771,02/09/2023,15000,7,30000,US136749,30000
AC8640470,Ilorin,Nigeria,214,28/08/2023,11000,27,11869.54,US137118,8000
AC8665175,Ilorin,Nigeria,179,01/09/2023,2750,5,8982.04,US137118,5500
AC8643222,Kawangware,Kenya,20,29/08/2023,600,6,585.99,US137363,500
AC8643927,Kawangware,Kenya,20,29/08/2023,380,1,1019.21,US137363,500
AC8646869,Kawangware,Kenya,20,29/08/2023,560,5,1021.57,US137363,500
AC8665041,Kawangware,Kenya,20,01/09/2023,600,5,969.97,US137363,500
AC8668718,Kawangware,Kenya,20,01/09/2023,345,-2,965.13,US137363,500
AC8671588,Kawangware,Kenya,20,01/09/2023,260,-10,921.89,US137363,500
AC8671604,Kawangware,Kenya,20,01/09/2023,140,-1,978.34,US137363,500
AC8676221,Kawangware,Kenya,20,02/09/2023,400,1,925.25,US137363,500
AC8682914,Kawangware,Kenya,50,03/09/2023,900,2,2454.46,US137363,1600
AC8637936,Abeokuta,Nigeria,179,28/08/2023,7000,14,5637.33,US137366,5500
AC8650643,Abeokuta,Nigeria,179,30/08/2023,4500,2,5500,US137366,5500
AC8651546,Abeokuta,Nigeria,171,30/08/2023,4000,1,10078.53,US137366,8000
AC8674263,Abeokuta,Nigeria,171,02/09/2023,3600,1,10270.6,US137366,8000
AC8636081,Kawangware,Kenya,68,28/08/2023,1980,0,4928.16,US137602,3500
AC8655981,Kawangware,Kenya,68,30/08/2023,2220,1,5240.5,US137602,3500
AC8661013,Ilorin,Nigeria,771,31/08/2023,15500,5,38451.55,US137637,30000
AC8671071,Ilorin,Nigeria,179,01/09/2023,5000,7,5500,US137637,5500
AC8679022,Ilorin,Nigeria,179,02/09/2023,5000,8,8482.09,US137637,5500
AC8690543,Ilorin,Nigeria,586,04/09/2023,12300,3,38104.51,US137637,30000
AC8640977,Kawangware,Kenya,35,28/08/2023,950,5,2086.26,US137865,1200
AC8641475,Kawangware,Kenya,20,28/08/2023,140,-10,1061.42,US137865,500
AC8646746,Kawangware,Kenya,20,29/08/2023,550,0,1055.56,US137865,500
AC8648730,Kawangware,Kenya,20,29/08/2023,200,-4,1050.47,US137865,500
AC8648984,Kawangware,Kenya,20,29/08/2023,480,0,858.56,US137865,500
AC8661303,Kawangware,Kenya,20,31/08/2023,470,2,1012.84,US137865,500
AC8673676,Kawangware,Kenya,40,02/09/2023,600,-7,2194.11,US137865,1500
AC8675129,Kawangware,Kenya,68,02/09/2023,1900,3,3500,US137865,3500
AC8676519,Kawangware,Kenya,20,02/09/2023,490,2,964.2,US137865,500
AC8677034,Kawangware,Kenya,20,02/09/2023,600,6,903.58,US137865,500
AC8677060,Kawangware,Kenya,20,02/09/2023,300,-1,964.28,US137865,500
AC8680125,Kawangware,Kenya,20,02/09/2023,400,4,919.92,US137865,500
AC8681063,Kawangware,Kenya,20,03/09/2023,310,-2,926.76,US137865,500
AC8693153,Kawangware,Kenya,20,04/09/2023,315,-2,920.88,US137865,500
AC8642535,Ilorin,Nigeria,179,29/08/2023,5000,6,9682.73,US137989,5500
AC8637676,Kawangware,Kenya,20,28/08/2023,720,7,1041.69,US138437,500
AC8637734,Kawangware,Kenya,68,28/08/2023,2039,2,5111.33,US138437,3500
AC8667939,Ilorin,Nigeria,179,01/09/2023,5000,7,5500,US138561,5500
AC8669497,Ilorin,Nigeria,179,01/09/2023,5000,7,5500,US138561,5500
AC8677218,Ilorin,Nigeria,771,02/09/2023,25500,20,36867.28,US138561,30000
AC8690411,Ilorin,Nigeria,429,04/09/2023,48000,94,18000,US138561,18000
AC8681065,Tongareni,Kenya,20,03/09/2023,480,4,948.4,US138802,500
AC8648069,Abeokuta,Nigeria,336,29/08/2023,9500,4,15500,US141180,15500
AC8688647,Tongareni,Kenya,20,04/09/2023,360,0,925.53,US141355,500
AC8672435,Ilorin,Nigeria,179,01/09/2023,5000,7,5500,US141679,5500
AC8679097,Ilorin,Nigeria,179,02/09/2023,5000,8,5500,US141679,5500
AC8693003,Ilorin,Nigeria,179,04/09/2023,5000,10,5500,US141679,5500
AC8693009,Ilorin,Nigeria,179,04/09/2023,5000,10,5500,US141679,5500
AC8649109,Ilorin,Nigeria,179,29/08/2023,5250,6,9388.03,US142665,5500
AC8688312,Ilorin,Nigeria,179,04/09/2023,3750,3,8056.15,US142665,5500
AC8691903,Ilorin,Nigeria,179,04/09/2023,3750,3,7792.2,US142665,5500
AC8678824,Abeokuta,Nigeria,5321,02/09/2023,531000,87,169000,US143258,169000
AC8680283,Abeokuta,Nigeria,486,02/09/2023,11800,5,27719.24,US143585,20000
AC8688944,Abeokuta,Nigeria,171,04/09/2023,3000,0,11006.54,US143585,8000
AC8688992,Abeokuta,Nigeria,179,04/09/2023,5000,10,6033.95,US143585,5500
AC8666068,Ilorin,Nigeria,214,01/09/2023,12000,35,8000,US143736,8000
AC8638464,Abeokuta,Nigeria,179,28/08/2023,10000,31,9665.43,US143758,5500
AC8639511,Abeokuta,Nigeria,179,28/08/2023,10000,31,9654.72,US143758,5500
AC8672742,Abeokuta,Nigeria,336,01/09/2023,24500,52,16750.72,US143947,15500
AC8674441,Abeokuta,Nigeria,179,02/09/2023,4500,5,5500,US143947,5500
AC8680455,Abeokuta,Nigeria,214,03/09/2023,9000,23,12087.1,US143947,8000
AC8688731,Abeokuta,Nigeria,429,04/09/2023,6000,-3,25610.02,US143947,18000
AC8693053,Ilorin,Nigeria,179,04/09/2023,5500,13,5500,US144042,5500
AC8662348,Ilorin,Nigeria,179,31/08/2023,4000,7,9101.02,US144505,5500
AC8663213,Ilorin,Nigeria,171,31/08/2023,1200,-6,11625.43,US144505,8000
AC8652505,Abeokuta,Nigeria,179,30/08/2023,5000,5,5500,US144729,5500
AC8659352,Abeokuta,Nigeria,179,31/08/2023,5000,6,5500,US144729,5500
AC8688426,Kawangware,Kenya,100,04/09/2023,2200,1,8931.37,US146195,6750
AC8637962,Abeokuta,Nigeria,429,28/08/2023,12000,3,18000,US146212,18000
AC8672395,Abeokuta,Nigeria,179,01/09/2023,4500,4,5500,US146212,5500
AC8672405,Abeokuta,Nigeria,179,01/09/2023,4000,2,8363.62,US146212,5500
AC8692489,Abeokuta,Nigeria,171,04/09/2023,6800,22,10958.43,US147441,8000
AC8686917,Ilorin,Nigeria,179,04/09/2023,4000,4,7117.21,US147727,5500
AC8684805,Ilorin,Nigeria,179,03/09/2023,3750,2,7617.45,US148018,5500
AC8651131,Ilorin,Nigeria,179,30/08/2023,3750,3,8941.85,US148040,5500
AC8655580,Ilorin,Nigeria,429,30/08/2023,12000,5,18000,US148040,18000
AC8657494,Ilorin,Nigeria,179,31/08/2023,5750,10,9271.54,US148040,5500
AC8671581,Ilorin,Nigeria,179,01/09/2023,5500,10,8182.58,US148040,5500
AC8690953,Ilorin,Nigeria,771,04/09/2023,15400,9,30000,US148040,30000
AC8649317,Ilorin,Nigeria,771,29/08/2023,5400,-7,41971.96,US148352,30000
AC8639428,Abeokuta,Nigeria,171,28/08/2023,4600,3,11569.18,US148353,8000
AC8685018,Abeokuta,Nigeria,771,04/09/2023,10800,3,38604.94,US148356,30000
AC8677458,Abeokuta,Nigeria,429,02/09/2023,17000,20,18000,US148637,18000
AC8634917,Kawangware,Kenya,20,28/08/2023,500,0,1069.98,US148889,500
AC8650579,Kawangware,Kenya,20,30/08/2023,745,10,1016.12,US148889,500
AC8652989,Kawangware,Kenya,50,30/08/2023,1800,9,2264.96,US148889,1600
AC8668298,Kawangware,Kenya,20,01/09/2023,200,2,842.91,US148889,500
AC8671780,Kawangware,Kenya,68,01/09/2023,1460,1,4766.96,US148889,3500
AC8658560,Sumbawanga,Tanzania,1400,31/08/2023,39200,2,93395.09,US149330,65000
AC8664010,Sumbawanga,Tanzania,600,31/08/2023,9661,-11,31494.74,US149330,16500
AC8676421,Abeokuta,Nigeria,171,02/09/2023,5600,13,11261.88,US149448,8000
AC8635636,Ilorin,Nigeria,179,28/08/2023,3750,-3,9649.44,US149494,5500
AC8643288,Ilorin,Nigeria,179,29/08/2023,5000,4,8944.59,US149494,5500
AC8653401,Ilorin,Nigeria,171,30/08/2023,4800,5,11650.03,US149494,8000
AC8678090,Ilorin,Nigeria,179,02/09/2023,4500,5,5517.17,US149494,5500
AC8678278,Ilorin,Nigeria,179,02/09/2023,6250,15,7648.98,US149494,5500
AC8659508,Abeokuta,Nigeria,171,31/08/2023,6000,15,11450.97,US150398,8000
AC8688175,Abeokuta,Nigeria,171,04/09/2023,12000,52,8000,US150405,8000
AC8643842,Kawangware,Kenya,20,29/08/2023,370,0,1054.31,US151612,500
AC8643925,Kawangware,Kenya,20,29/08/2023,560,0,966.6,US151612,500
AC8646137,Kawangware,Kenya,40,29/08/2023,4720,90,2493.39,US151612,1500
AC8647978,Kawangware,Kenya,20,29/08/2023,1000,22,500.6,US151612,500
AC8651098,Kawangware,Kenya,20,30/08/2023,580,4,1005.14,US151612,500
AC8657926,Kawangware,Kenya,20,31/08/2023,760,12,961.91,US151612,500
AC8675765,Kawangware,Kenya,20,02/09/2023,560,4,905.06,US151612,500
AC8675834,Kawangware,Kenya,25,02/09/2023,625,2,1456.23,US151612,900
AC8676032,Kawangware,Kenya,20,02/09/2023,480,0,902.34,US151612,500
AC8683924,Kawangware,Kenya,20,03/09/2023,500,2,939.96,US151612,500
AC8690445,Kawangware,Kenya,20,04/09/2023,340,0,922.98,US151612,500
AC8645342,Kawangware,Kenya,20,29/08/2023,220,1,1024.9,US151671,500
AC8636674,Ilorin,Nigeria,179,28/08/2023,10000,31,9292.44,US151768,5500
AC8654373,Ilorin,Nigeria,429,30/08/2023,9000,-1,27509.68,US151768,18000
AC8644061,Ilorin,Nigeria,179,29/08/2023,4500,1,5500,US151807,5500
AC8666313,Ilorin,Nigeria,179,01/09/2023,4500,4,5500,US151807,5500
AC8691417,Ilorin,Nigeria,171,04/09/2023,3600,3,8000,US151807,8000
AC8692087,Ilorin,Nigeria,179,04/09/2023,4000,5,5500,US151807,5500
AC8638131,Kawangware,Kenya,20,28/08/2023,550,1,1074.83,US151873,500
AC8644946,Kawangware,Kenya,20,29/08/2023,600,2,500,US151873,500
AC8651063,Kawangware,Kenya,20,30/08/2023,510,4,1026.87,US151873,500
AC8657569,Kawangware,Kenya,20,31/08/2023,500,6,946.1,US151873,500
AC8658631,Kawangware,Kenya,20,31/08/2023,660,8,906.31,US151873,500
AC8683312,Kawangware,Kenya,20,03/09/2023,450,4,853.03,US151873,500
AC8689321,Kawangware,Kenya,20,04/09/2023,410,-2,905.67,US151873,500
AC8689434,Kawangware,Kenya,20,04/09/2023,500,3,500,US151873,500
AC8637832,Abeokuta,Nigeria,771,28/08/2023,16200,3,40183.91,US151909,30000
AC8641275,Abeokuta,Nigeria,179,28/08/2023,4500,0,5500,US151909,5500
AC8654162,Abeokuta,Nigeria,179,30/08/2023,7500,19,6942.67,US151909,5500
AC8665914,Abeokuta,Nigeria,179,01/09/2023,5000,7,9097.31,US151909,5500
AC8670981,Abeokuta,Nigeria,771,01/09/2023,16200,7,39431.36,US151909,30000
AC8674220,Abeokuta,Nigeria,429,02/09/2023,12000,8,18000,US152530,18000
AC8666041,Ilorin,Nigeria,179,01/09/2023,5000,7,5500,US153196,5500
AC8666705,Ilorin,Nigeria,179,01/09/2023,5000,7,5500,US153196,5500
AC8692905,Ilorin,Nigeria,214,04/09/2023,4500,3,11010.5,US153196,8000
AC8674658,Ilorin,Nigeria,336,02/09/2023,9500,8,15500,US153198,15500
AC8659625,Ilorin,Nigeria,214,31/08/2023,5000,1,11508.32,US153201,8000
AC8660703,Ilorin,Nigeria,179,31/08/2023,6000,12,8910,US153201,5500
AC8670930,Kawangware,Kenya,20,01/09/2023,410,2,981.68,US153851,500
AC8654112,Ilorin,Nigeria,179,30/08/2023,5050,5,9235.78,US153868,5500
AC8661281,Ilorin,Nigeria,179,31/08/2023,3750,0,8190.56,US153868,5500
AC8670106,Ilorin,Nigeria,486,01/09/2023,13700,7,29346.13,US153868,20000
AC8637661,Ilorin,Nigeria,429,28/08/2023,13500,7,18000,US154295,18000
AC8638257,Kawangware,Kenya,20,28/08/2023,460,0,982.87,US154298,500
AC8640546,Kawangware,Kenya,20,28/08/2023,1500,49,721.99,US154298,500
AC8657243,Kawangware,Kenya,20,31/08/2023,600,4,1007.22,US154298,500
AC8647834,Abeokuta,Nigeria,171,29/08/2023,5400,8,10422.73,US154443,8000
AC8647918,Abeokuta,Nigeria,179,29/08/2023,5500,7,8022.87,US154443,5500
AC8652775,Abeokuta,Nigeria,179,30/08/2023,3750,-1,9488.06,US154443,5500
AC8653526,Abeokuta,Nigeria,171,30/08/2023,4800,5,10597.78,US154443,8000
AC8663730,Abeokuta,Nigeria,179,31/08/2023,1250,-15,9255.3,US154443,5500
AC8640313,Abeokuta,Nigeria,171,28/08/2023,10600,37,11594.6,US154675,8000
AC8657980,Abeokuta,Nigeria,179,31/08/2023,9500,31,5500,US154675,5500
AC8686645,Abeokuta,Nigeria,179,04/09/2023,7500,24,5500,US154675,5500
AC8687222,Abeokuta,Nigeria,214,04/09/2023,12000,38,8000,US154675,8000
AC8652115,Tongareni,Kenya,20,30/08/2023,530,1,1023.57,US154753,500
AC8673488,Tongareni,Kenya,20,02/09/2023,500,1,965.58,US154753,500
AC8641714,Abeokuta,Nigeria,179,28/08/2023,7000,14,9245.96,US154910,5500
AC8650507,Abeokuta,Nigeria,171,30/08/2023,7000,18,8000,US154910,8000
AC8664265,Abeokuta,Nigeria,179,31/08/2023,6250,14,6907.04,US154910,5500
AC8690866,Abeokuta,Nigeria,179,04/09/2023,4500,7,5500,US154910,5500
AC8654266,Ilorin,Nigeria,179,30/08/2023,4500,2,5500,US154921,5500
AC8675524,Ilorin,Nigeria,179,02/09/2023,9500,33,5500,US154921,5500
AC8687196,Ilorin,Nigeria,214,04/09/2023,7000,15,9728.15,US154921,8000
AC8688639,Ilorin,Nigeria,179,04/09/2023,5250,11,8158.13,US154921,5500
AC8676786,Abeokuta,Nigeria,179,02/09/2023,4500,6,8915.94,US154991,5500
AC8639053,Sumbawanga,Tanzania,2000,28/08/2023,56000,4,137424.02,US155190,85000
AC8652870,Sumbawanga,Tanzania,1400,30/08/2023,39200,1,94216.04,US155190,65000
AC8662505,Sumbawanga,Tanzania,600,31/08/2023,8400,-7,31877.42,US155190,16500
AC8691408,Sumbawanga,Tanzania,900,04/09/2023,17400,5,39009.52,US155190,20000
AC8679371,Morogoro,Tanzania,350,02/09/2023,9550,3,18027.81,US155203,10000
AC8672302,Tongareni,Kenya,35,01/09/2023,695,1,2055.98,US155263,1200
AC8666772,Abeokuta,Nigeria,486,01/09/2023,15000,10,27911.79,US155271,20000
AC8666789,Abeokuta,Nigeria,179,01/09/2023,9500,32,5500,US155271,5500
AC8640662,Abeokuta,Nigeria,214,28/08/2023,10000,22,8000,US155371,8000
AC8641413,Abeokuta,Nigeria,179,28/08/2023,9500,28,5500,US155371,5500
AC8652468,Kawangware,Kenya,50,30/08/2023,2150,17,2736.36,US155606,1600
AC8639887,Ilorin,Nigeria,214,28/08/2023,6000,3,11027.86,US156052,8000
AC8666903,Ilorin,Nigeria,179,01/09/2023,4250,3,7996.15,US156634,5500
AC8686122,Ilorin,Nigeria,214,04/09/2023,5000,5,8283.23,US156634,8000
AC8686229,Ilorin,Nigeria,179,04/09/2023,4500,7,5500,US156634,5500
AC8651653,Tongareni,Kenya,20,30/08/2023,500,0,945.13,US156695,500
AC8655082,Tongareni,Kenya,20,30/08/2023,440,3,990.39,US156695,500
AC8671568,Tongareni,Kenya,20,01/09/2023,520,1,957.96,US156695,500
AC8667481,Ilorin,Nigeria,179,01/09/2023,3750,0,8034.14,US156750,5500
AC8678864,Ilorin,Nigeria,179,02/09/2023,4100,6,8477.38,US156750,5500
AC8692561,Ilorin,Nigeria,179,04/09/2023,3750,3,7970.36,US156750,5500
AC8638350,Ilorin,Nigeria,179,28/08/2023,10000,31,9761.98,US156775,5500
AC8644343,Ilorin,Nigeria,179,29/08/2023,14500,57,5500,US156775,5500
AC8663956,Ilorin,Nigeria,179,31/08/2023,5000,6,5500,US156775,5500
AC8641059,Abeokuta,Nigeria,171,28/08/2023,8100,16,11906.34,US156777,8000
AC8672715,Abeokuta,Nigeria,771,01/09/2023,16200,7,40445.66,US156777,30000
AC8690306,Abeokuta,Nigeria,179,04/09/2023,4500,7,5500,US156777,5500
AC8655491,Abeokuta,Nigeria,171,30/08/2023,8600,27,11827.01,US157073,8000
AC8662483,Abeokuta,Nigeria,179,31/08/2023,5000,6,5500,US157121,5500
AC8640672,Ilorin,Nigeria,179,28/08/2023,4500,0,5535.88,US157266,5500
AC8655101,Ilorin,Nigeria,179,30/08/2023,4500,2,5500,US157266,5500
AC8668409,Ilorin,Nigeria,214,01/09/2023,6000,7,8000,US157288,8000
AC8680368,Ilorin,Nigeria,771,02/09/2023,10800,2,36184.33,US157288,30000
AC8674053,Abeokuta,Nigeria,171,02/09/2023,16200,74,8337.12,US158850,8000
AC8674702,Abeokuta,Nigeria,171,02/09/2023,4400,6,11322.71,US158850,8000
AC8673624,Ilorin,Nigeria,179,02/09/2023,3750,2,8254.68,US159562,5500
AC8686012,Ilorin,Nigeria,179,04/09/2023,3750,4,8132.95,US159562,5500
AC8692470,Ilorin,Nigeria,179,04/09/2023,5000,10,7838.7,US159562,5500
AC8636230,Ilorin,Nigeria,179,28/08/2023,5000,3,5500,US159749,5500
AC8648862,Ilorin,Nigeria,179,29/08/2023,7000,15,7284.5,US159749,5500
AC8676068,Ilorin,Nigeria,214,02/09/2023,3500,-1,12135.91,US159751,8000
AC8644074,Ilorin,Nigeria,179,29/08/2023,5000,4,5500,US159752,5500
AC8658535,Ilorin,Nigeria,179,31/08/2023,7500,20,8757.18,US159752,5500
AC8667004,Ilorin,Nigeria,336,01/09/2023,9500,7,21868.94,US159752,15500
AC8673738,Ilorin,Nigeria,171,02/09/2023,2400,-1,11306.96,US159862,8000
AC8673749,Ilorin,Nigeria,171,02/09/2023,2400,4,10998.4,US159862,8000
AC8684991,Ilorin,Nigeria,179,03/09/2023,4500,7,5500,US159862,5500
AC8686123,Ilorin,Nigeria,179,04/09/2023,3000,1,7350,US159862,5500
AC8686138,Ilorin,Nigeria,179,04/09/2023,4500,7,5500,US159862,5500
AC8686160,Ilorin,Nigeria,179,04/09/2023,1500,-4,8679.26,US159862,5500
AC8684646,Abeokuta,Nigeria,179,03/09/2023,4500,6,5500,US159951,5500
AC8668596,Ilorin,Nigeria,336,01/09/2023,9500,7,15500,US160125,15500
AC8681034,Ilorin,Nigeria,179,03/09/2023,3750,3,8258.3,US160125,5500
AC8683842,Ilorin,Nigeria,179,03/09/2023,5000,9,7647.79,US160125,5500
AC8686960,Ilorin,Nigeria,179,04/09/2023,5500,13,8081.28,US160403,5500
AC8689664,Ilorin,Nigeria,179,04/09/2023,8500,30,7085.14,US160403,5500
AC8645166,Kawangware,Kenya,20,29/08/2023,660,13,1025.85,US160409,500
AC8670352,Kawangware,Kenya,20,01/09/2023,560,3,920.48,US160409,500
AC8686625,Kawangware,Kenya,15,04/09/2023,114,-3,689.98,US160409,400
AC8686969,Kawangware,Kenya,20,04/09/2023,400,0,907.69,US160409,500
AC8635839,Ilorin,Nigeria,336,28/08/2023,7000,1,21696.32,US160435,15500
AC8639657,Ilorin,Nigeria,171,28/08/2023,7900,21,8844.12,US160435,8000
AC8663134,Ilorin,Nigeria,214,31/08/2023,6000,6,8000,US160535,8000
AC8640300,Abeokuta,Nigeria,179,28/08/2023,5000,3,8010.31,US160815,5500
AC8640786,Abeokuta,Nigeria,179,28/08/2023,5000,3,8294.91,US160815,5500
AC8646658,Abeokuta,Nigeria,179,29/08/2023,5500,7,5500,US160815,5500
AC8676798,Kawangware,Kenya,20,02/09/2023,360,-5,965.36,US161460,500
AC8652619,Abeokuta,Nigeria,179,30/08/2023,5000,5,8588.35,US161653,5500
AC8652826,Abeokuta,Nigeria,214,30/08/2023,7000,10,8000,US161653,8000
AC8653331,Abeokuta,Nigeria,179,30/08/2023,8500,25,8047.71,US161653,5500
AC8645401,Abeokuta,Nigeria,179,29/08/2023,7000,10,7515.52,US161998,5500
AC8649285,Abeokuta,Nigeria,486,29/08/2023,23800,25,29687.91,US162002,20000
AC8693093,Abeokuta,Nigeria,771,04/09/2023,21600,17,30000,US162002,30000
AC8638495,Ilorin,Nigeria,179,28/08/2023,3250,3,9242.67,US162091,5500
AC8641129,Ilorin,Nigeria,171,28/08/2023,7000,16,8000,US162091,8000
AC8641614,Ilorin,Nigeria,179,28/08/2023,3750,-2,9805.91,US162091,5500
AC8690754,Ilorin,Nigeria,214,04/09/2023,5500,8,10406.56,US162091,8000
AC8690771,Ilorin,Nigeria,214,04/09/2023,4000,1,10620.54,US162091,8000
AC8693293,Ilorin,Nigeria,171,04/09/2023,3200,3,10353.23,US162091,8000
AC8688479,Ilorin,Nigeria,179,04/09/2023,3750,3,7989.82,US162356,5500
AC8689928,Ilorin,Nigeria,179,04/09/2023,3750,3,7497.77,US162356,5500
AC8651892,Morogoro,Tanzania,1400,30/08/2023,39800,1,93073.75,US162437,65000
AC8661335,Morogoro,Tanzania,2700,31/08/2023,62250,0,227768.55,US162437,160000
AC8664189,Morogoro,Tanzania,500,31/08/2023,8700,3,17748.32,US162437,12000
AC8684756,Morogoro,Tanzania,1400,03/09/2023,39200,5,94106.64,US162437,65000
AC8642204,Kawangware,Kenya,20,29/08/2023,620,6,988.3,US162457,500
AC8663360,Kawangware,Kenya,20,31/08/2023,500,0,921.68,US162457,500
AC8650240,Ilorin,Nigeria,179,30/08/2023,5000,5,5500,US162746,5500
AC8655664,Ilorin,Nigeria,771,30/08/2023,38000,34,40101.93,US162746,30000
AC8676673,Ilorin,Nigeria,336,02/09/2023,9500,8,15500,US162746,15500
AC8677086,Ilorin,Nigeria,179,02/09/2023,5000,8,5500,US162746,5500
AC8680104,Ilorin,Nigeria,179,02/09/2023,5000,8,5500,US162746,5500
AC8649655,Abeokuta,Nigeria,179,30/08/2023,7500,19,7352.5,US162965,5500
AC8642970,Tongareni,Kenya,20,29/08/2023,486,0,1059.46,US163012,500
AC8646786,Tongareni,Kenya,20,29/08/2023,380,-2,1021.67,US163012,500
AC8650379,Tongareni,Kenya,20,30/08/2023,210,-12,1024.84,US163012,500
AC8693292,Tongareni,Kenya,20,04/09/2023,360,0,879.7,US163012,500
AC8693376,Tongareni,Kenya,20,04/09/2023,480,3,898.75,US163012,500
AC8637543,Kawangware,Kenya,20,28/08/2023,520,0,1063.17,US163021,500
AC8639039,Kawangware,Kenya,20,28/08/2023,600,1,962.96,US163021,500
AC8647339,Kawangware,Kenya,20,29/08/2023,500,-1,1052.35,US163021,500
AC8665435,Kawangware,Kenya,20,01/09/2023,1500,50,500,US163021,500
AC8653015,Ilorin,Nigeria,214,30/08/2023,12000,33,8000,US163064,8000
AC8653036,Ilorin,Nigeria,179,30/08/2023,6250,12,9255.05,US163064,5500
AC8670416,Ilorin,Nigeria,771,01/09/2023,20400,13,35603.28,US163077,30000
AC8655430,Morogoro,Tanzania,900,30/08/2023,29700,6,20000,US163184,20000
AC8655433,Morogoro,Tanzania,900,30/08/2023,29500,9,33121.05,US163184,20000
AC8675697,Morogoro,Tanzania,900,02/09/2023,23700,2,39114.06,US163184,20000
AC8642807,Ilorin,Nigeria,429,29/08/2023,9000,-3,27140.01,US163666,18000
AC8668138,Ilorin,Nigeria,179,01/09/2023,5000,4,8137.93,US163666,5500
AC8669496,Ilorin,Nigeria,214,01/09/2023,6000,7,10595.59,US163666,8000
AC8638726,Ilorin,Nigeria,214,28/08/2023,4500,1,12065.28,US163933,8000
AC8643693,Ilorin,Nigeria,429,29/08/2023,18000,18,20570.6,US163933,18000
AC8680237,Ilorin,Nigeria,429,02/09/2023,9000,1,18000,US163933,18000
AC8692782,Ilorin,Nigeria,771,04/09/2023,10800,3,30000,US163933,30000
AC8693400,Ilorin,Nigeria,214,04/09/2023,4500,3,8000,US163933,8000
AC8647955,Ilorin,Nigeria,486,29/08/2023,14000,7,30277.11,US164053,20000
AC8664382,Ilorin,Nigeria,336,31/08/2023,9500,7,18778.15,US164053,15500
AC8664389,Ilorin,Nigeria,771,31/08/2023,22000,14,30000,US164053,30000
AC8686668,Ilorin,Nigeria,179,04/09/2023,5000,10,5500,US164053,5500
AC8691170,Ilorin,Nigeria,179,04/09/2023,5000,10,5500,US164053,5500
AC8693403,Ilorin,Nigeria,179,04/09/2023,10000,38,6830.23,US164053,5500
AC8638282,Ilorin,Nigeria,179,28/08/2023,5750,7,9772.68,US164064,5500
AC8643800,Ilorin,Nigeria,214,29/08/2023,6000,4,12514.05,US164064,8000
AC8647353,Ilorin,Nigeria,179,29/08/2023,4500,1,7671.75,US164064,5500
AC8648605,Ilorin,Nigeria,171,29/08/2023,4000,0,12007.37,US164064,8000
AC8668679,Ilorin,Nigeria,179,01/09/2023,4250,3,8393.87,US164064,5500
AC8670822,Ilorin,Nigeria,179,01/09/2023,6500,16,5988.66,US164064,5500
AC8693032,Ilorin,Nigeria,179,04/09/2023,7000,21,7808.48,US164064,5500
AC8680052,Abeokuta,Nigeria,179,02/09/2023,4500,5,5500,US164183,5500
AC8686826,Ilorin,Nigeria,214,04/09/2023,6000,10,10565.79,US164376,8000
AC8686838,Ilorin,Nigeria,179,04/09/2023,3000,0,8657.17,US164376,5500
AC8683920,Ilorin,Nigeria,179,03/09/2023,6500,18,6954.19,US164488,5500
AC8687823,Ilorin,Nigeria,179,04/09/2023,6250,17,7875.05,US164488,5500
AC8687845,Ilorin,Nigeria,214,04/09/2023,12000,38,8000,US164488,8000
AC8689907,Ilorin,Nigeria,214,04/09/2023,22000,85,9533.41,US164488,8000
AC8685204,Tongareni,Kenya,20,04/09/2023,720,15,871.23,US164814,500
AC8663987,Sumbawanga,Tanzania,350,31/08/2023,7350,3,17687.54,US168203,10000
AC8688453,Sumbawanga,Tanzania,500,04/09/2023,7500,-4,21113.66,US168203,12000
AC8641079,Ilorin,Nigeria,179,28/08/2023,5000,3,8016.03,US168274,5500
AC8640197,Ilorin,Nigeria,179,28/08/2023,6000,9,9410.04,US168281,5500
AC8657540,Ilorin,Nigeria,214,31/08/2023,4500,1,11513.45,US168281,8000
AC8683180,Ilorin,Nigeria,179,03/09/2023,2500,-5,8714.95,US168281,5500
AC8688338,Ilorin,Nigeria,179,04/09/2023,5000,10,5500,US168281,5500
AC8649122,Ilorin,Nigeria,214,29/08/2023,8000,14,8000,US168296,8000
AC8662075,Ilorin,Nigeria,214,31/08/2023,6000,6,12515.32,US168296,8000
AC8675598,Ilorin,Nigeria,179,02/09/2023,4550,5,8689.02,US168296,5500
AC8641843,Ilorin,Nigeria,179,28/08/2023,4500,1,5500,US168298,5500
AC8681881,Ilorin,Nigeria,179,03/09/2023,3750,3,8207.9,US168298,5500
AC8664524,Ilorin,Nigeria,179,01/09/2023,5750,11,8825.97,US168303,5500
AC8664362,Ilorin,Nigeria,179,31/08/2023,6500,15,8856.85,US168307,5500
AC8674223,Ilorin,Nigeria,179,02/09/2023,9500,33,5500,US168335,5500
AC8637226,Ilorin,Nigeria,429,28/08/2023,15000,10,18000,US168357,18000
AC8642377,Ilorin,Nigeria,171,29/08/2023,4800,4,8000,US168357,8000
AC8644085,Ilorin,Nigeria,179,29/08/2023,6500,12,9332.58,US168484,5500
AC8659146,Ilorin,Nigeria,179,31/08/2023,4500,3,5500,US168484,5500
AC8668206,Abeokuta,Nigeria,336,01/09/2023,15500,25,17478.5,US168517,15500
AC8661396,Ilorin,Nigeria,179,31/08/2023,3750,3,8687.11,US168682,5500
AC8667821,Ilorin,Nigeria,214,01/09/2023,4500,3,11589.82,US168682,8000
AC8675004,Ilorin,Nigeria,179,02/09/2023,3750,3,8355.33,US168682,5500
AC8683992,Ilorin,Nigeria,171,03/09/2023,3600,3,10530.7,US168682,8000
AC8641910,Abeokuta,Nigeria,179,28/08/2023,5000,4,9342.26,US169418,5500
AC8651962,Abeokuta,Nigeria,179,30/08/2023,5000,5,9050.16,US169418,5500
AC8664226,Abeokuta,Nigeria,214,31/08/2023,5000,5,12283.72,US169418,8000
AC8672072,Abeokuta,Nigeria,179,01/09/2023,2500,-7,9075.36,US169418,5500
AC8661015,Morogoro,Tanzania,500,31/08/2023,14000,3,24326.67,US169450,12000
AC8680974,Morogoro,Tanzania,1400,03/09/2023,19600,-8,96444,US169450,65000
AC8636832,Ilorin,Nigeria,179,28/08/2023,4500,0,5500,US169899,5500
AC8664377,Ilorin,Nigeria,336,31/08/2023,9480,7,19742.97,US169899,15500
AC8664379,Ilorin,Nigeria,336,31/08/2023,8000,3,20776.1,US169899,15500
AC8639152,Sumbawanga,Tanzania,900,28/08/2023,26000,4,43488.67,US169964,20000
AC8639251,Sumbawanga,Tanzania,350,28/08/2023,7350,6,19856.11,US169964,10000
AC8642485,Sumbawanga,Tanzania,900,29/08/2023,25200,4,42873.85,US169964,20000
AC8651030,Sumbawanga,Tanzania,900,30/08/2023,18900,-2,43732.18,US169964,20000
AC8663267,Sumbawanga,Tanzania,2700,31/08/2023,60000,-4,226860.23,US169964,160000
AC8637836,Morogoro,Tanzania,900,28/08/2023,17000,-4,45933.58,US170265,20000
AC8652085,Morogoro,Tanzania,500,30/08/2023,7000,-4,23628.25,US170265,12000
AC8679067,Morogoro,Tanzania,900,02/09/2023,17180,0,39788.05,US170399,20000
AC8691012,Morogoro,Tanzania,900,04/09/2023,19800,0,39028.81,US170399,20000
AC8691183,Morogoro,Tanzania,500,04/09/2023,12000,2,22045.25,US170399,12000
AC8672061,Abeokuta,Nigeria,179,01/09/2023,5000,7,8166.32,US170684,5500
AC8686867,Abeokuta,Nigeria,179,04/09/2023,4000,4,5574.95,US170684,5500
AC8675296,Abeokuta,Nigeria,179,02/09/2023,9500,33,5500,US171312,5500
AC8692710,Abeokuta,Nigeria,179,04/09/2023,4500,7,5500,US171312,5500
AC8641449,Kawangware,Kenya,20,28/08/2023,800,21,1001.19,US171322,500
AC8679957,Ilorin,Nigeria,179,02/09/2023,5250,10,8900.88,US171401,5500
AC8689059,Ilorin,Nigeria,214,04/09/2023,4500,3,11035.83,US171401,8000
AC8692900,Ilorin,Nigeria,179,04/09/2023,3750,3,8181.3,US171401,5500
AC8661591,Ilorin,Nigeria,179,31/08/2023,4500,3,5500,US171424,5500
AC8666308,Ilorin,Nigeria,179,01/09/2023,5000,7,5500,US171608,5500
AC8668283,Ilorin,Nigeria,179,01/09/2023,5000,7,5500,US171608,5500
AC8687889,Ilorin,Nigeria,429,04/09/2023,12000,10,18000,US171608,18000
AC8693036,Ilorin,Nigeria,179,04/09/2023,5000,10,5500,US171608,5500
AC8645617,Ilorin,Nigeria,179,29/08/2023,6250,11,9391.6,US171628,5500
AC8647171,Ilorin,Nigeria,179,29/08/2023,6250,12,9451.1,US171628,5500
AC8685557,Ilorin,Nigeria,179,04/09/2023,2500,-2,8626.01,US171628,5500
AC8685563,Ilorin,Nigeria,179,04/09/2023,3750,3,8082.69,US171628,5500
AC8660168,Ilorin,Nigeria,179,31/08/2023,5000,6,5500,US171681,5500
AC8667864,Ilorin,Nigeria,179,01/09/2023,5000,7,9118.98,US171681,5500
AC8675896,Ilorin,Nigeria,171,02/09/2023,3600,1,10072.96,US171681,8000
AC8692300,Ilorin,Nigeria,429,04/09/2023,6000,1,23061.14,US171682,18000
AC8685923,Ilorin,Nigeria,214,04/09/2023,6000,10,8000,US171879,8000
AC8685970,Ilorin,Nigeria,214,04/09/2023,4500,3,11115.32,US171879,8000
AC8688418,Ilorin,Nigeria,179,04/09/2023,5000,11,5736.12,US171879,5500
AC8654544,Abeokuta,Nigeria,171,30/08/2023,7000,18,11602.54,US171956,8000
AC8691247,Ilorin,Nigeria,179,04/09/2023,5000,10,5500,US172089,5500
AC8643173,Ilorin,Nigeria,179,29/08/2023,5000,4,5500,US172103,5500
AC8665450,Ilorin,Nigeria,214,01/09/2023,12000,35,12502.68,US172112,8000
AC8665463,Ilorin,Nigeria,179,01/09/2023,8750,28,9126.96,US172112,5500
AC8685503,Ilorin,Nigeria,179,04/09/2023,3750,3,6214.89,US172112,5500
AC8645369,Ilorin,Nigeria,771,29/08/2023,16200,4,39921.41,US172317,30000
AC8650182,Ilorin,Nigeria,429,30/08/2023,13000,7,18000,US172317,18000
AC8637759,Abeokuta,Nigeria,179,28/08/2023,15500,62,8898.02,US172899,5500
AC8686270,Ilorin,Nigeria,214,04/09/2023,6000,10,8000,US172915,8000
AC8664597,Abeokuta,Nigeria,179,01/09/2023,3250,-3,9289.38,US173660,5500
AC8664607,Abeokuta,Nigeria,179,01/09/2023,4500,4,5500,US173660,5500
AC8689924,Abeokuta,Nigeria,179,04/09/2023,3750,4,8191.56,US173660,5500
AC8638827,Ilorin,Nigeria,214,28/08/2023,6000,4,12764.34,US173828,8000
AC8638947,Ilorin,Nigeria,179,28/08/2023,10000,31,9542.47,US173828,5500
AC8646504,Ilorin,Nigeria,179,29/08/2023,5500,7,9458.31,US173828,5500
AC8646821,Ilorin,Nigeria,179,29/08/2023,5000,4,9254.44,US173828,5500
AC8691226,Ilorin,Nigeria,179,04/09/2023,3750,3,7843.88,US173828,5500
AC8655459,Abeokuta,Nigeria,214,30/08/2023,7000,10,8000,US174070,8000
AC8662399,Abeokuta,Nigeria,214,31/08/2023,7000,11,8000,US174070,8000
AC8671010,Abeokuta,Nigeria,214,01/09/2023,7000,12,8000,US174070,8000
AC8634788,Tongareni,Kenya,20,28/08/2023,370,0,1064.38,US174334,500
AC8639220,Tongareni,Kenya,20,28/08/2023,500,0,981.76,US174334,500
AC8642929,Tongareni,Kenya,20,29/08/2023,600,2,1046.53,US174334,500
AC8649619,Tongareni,Kenya,20,30/08/2023,540,2,1028.32,US174334,500
AC8663422,Tongareni,Kenya,20,31/08/2023,440,-1,1000.53,US174334,500
AC8670317,Tongareni,Kenya,20,01/09/2023,400,-1,983.94,US174334,500
AC8673060,Tongareni,Kenya,20,02/09/2023,500,1,500,US174334,500
AC8674161,Tongareni,Kenya,20,02/09/2023,350,-1,964.66,US174334,500
AC8680677,Tongareni,Kenya,20,03/09/2023,440,2,867.95,US174334,500
AC8682720,Tongareni,Kenya,20,03/09/2023,460,0,922.69,US174334,500
AC8691442,Tongareni,Kenya,20,04/09/2023,410,2,882.62,US174334,500
AC8646004,Tongareni,Kenya,20,29/08/2023,580,1,1002,US174527,500
AC8665129,Tongareni,Kenya,20,01/09/2023,580,4,928.8,US174527,500
AC8673801,Tongareni,Kenya,20,02/09/2023,560,5,978.16,US174527,500
AC8686209,Tongareni,Kenya,20,04/09/2023,390,-1,928.09,US174527,500
AC8691901,Tongareni,Kenya,15,04/09/2023,260,1,722.23,US174527,400
AC8648118,Sumbawanga,Tanzania,900,29/08/2023,16200,-7,44932.13,US174556,20000
AC8688778,Morogoro,Tanzania,900,04/09/2023,15600,0,39163.03,US174560,20000
AC8651352,Ilorin,Nigeria,179,30/08/2023,7500,19,7860.28,US174630,5500
AC8674033,Ilorin,Nigeria,179,02/09/2023,3750,1,7845.5,US174630,5500
AC8635308,Ilorin,Nigeria,179,28/08/2023,6750,13,8955.56,US174635,5500
AC8639408,Sumbawanga,Tanzania,900,28/08/2023,25200,2,41702.16,US174728,20000
AC8656065,Sumbawanga,Tanzania,500,30/08/2023,14000,3,23487.98,US174728,12000
AC8660968,Sumbawanga,Tanzania,600,31/08/2023,13500,-1,31799.42,US174728,16500
AC8641376,Ilorin,Nigeria,179,28/08/2023,5000,3,9253.21,US174782,5500
AC8645812,Ilorin,Nigeria,179,29/08/2023,5000,7,9658.86,US174782,5500
AC8651933,Ilorin,Nigeria,179,30/08/2023,3750,0,8409.23,US174782,5500
AC8688166,Ilorin,Nigeria,179,04/09/2023,3750,4,8042.65,US174782,5500
AC8689662,Ilorin,Nigeria,179,04/09/2023,3900,6,8394.45,US174782,5500
AC8637288,Ilorin,Nigeria,179,28/08/2023,5000,5,9671.52,US174949,5500
AC8639965,Ilorin,Nigeria,179,28/08/2023,5000,3,9234.49,US174949,5500
AC8642700,Ilorin,Nigeria,179,29/08/2023,3750,-3,9690.71,US174949,5500
AC8648711,Ilorin,Nigeria,179,29/08/2023,7450,18,9225.19,US174949,5500
AC8641183,Ilorin,Nigeria,179,28/08/2023,6000,9,9419.74,US174953,5500
AC8653723,Ilorin,Nigeria,179,30/08/2023,5000,5,9090.56,US174953,5500
AC8641916,Ilorin,Nigeria,179,28/08/2023,5000,4,9407.74,US174955,5500
AC8653025,Ilorin,Nigeria,179,30/08/2023,5250,6,9380.82,US174955,5500
AC8690241,Ilorin,Nigeria,179,04/09/2023,4450,8,7130.54,US174955,5500
AC8642678,Ilorin,Nigeria,179,29/08/2023,3750,1,8708.28,US175569,5500
AC8670820,Ilorin,Nigeria,179,01/09/2023,5000,7,5500,US175569,5500
AC8690563,Ilorin,Nigeria,179,04/09/2023,4000,5,8140.55,US175569,5500
AC8644108,Ilorin,Nigeria,179,29/08/2023,7000,15,5500,US175739,5500
AC8645570,Ilorin,Nigeria,179,29/08/2023,5000,4,7629.05,US175739,5500
AC8646350,Ilorin,Nigeria,179,29/08/2023,10000,32,9252.18,US175739,5500
AC8650224,Ilorin,Nigeria,179,30/08/2023,5000,5,8022.56,US175739,5500
AC8650227,Ilorin,Nigeria,179,30/08/2023,6000,12,8786.08,US175739,5500
AC8661874,Ilorin,Nigeria,179,31/08/2023,5000,6,5500,US175739,5500
AC8661887,Ilorin,Nigeria,179,31/08/2023,5000,6,5500,US175739,5500
AC8667595,Ilorin,Nigeria,179,01/09/2023,5000,7,5500,US175771,5500
AC8685627,Ilorin,Nigeria,179,04/09/2023,3750,3,7889.13,US175771,5500
AC8668305,Morogoro,Tanzania,900,01/09/2023,18600,-1,41841.89,US175847,20000
AC8679293,Abeokuta,Nigeria,179,02/09/2023,4500,5,5500,US176682,5500
AC8693264,Sumbawanga,Tanzania,900,04/09/2023,21600,2,37973.86,US176780,20000
AC8647515,Abeokuta,Nigeria,179,29/08/2023,10000,32,9597.96,US177164,5500
AC8667986,Abeokuta,Nigeria,179,01/09/2023,5000,7,5500,US177164,5500
AC8646814,Kawangware,Kenya,20,29/08/2023,580,3,884.16,US177412,500
AC8657310,Kawangware,Kenya,20,31/08/2023,530,0,1008.05,US177412,500
AC8680654,Kawangware,Kenya,20,03/09/2023,420,1,869.54,US178050,500
AC8689442,Kawangware,Kenya,20,04/09/2023,460,1,904.04,US178050,500
AC8677901,Sumbawanga,Tanzania,900,02/09/2023,25200,5,39667.38,US178361,20000